nohup: ignoring input

⚠️ 警告: 使用高并行数 30
建议:
1. 确保有足够的内存 (至少 {args.workers*0.5:.1f}GB)
2. 注意网站可能会限制高频请求
3. 如果频繁失败，请降低并行数

找到 1383 个藏语文件
初始化批处理器 - 最大并行数: 30
============================================================
藏语批量翻译处理器 (直接调用版本)
文件数: 1383
并行数: 30
============================================================
实际处理文件: 1383
开始处理: tibetan1/oral_amdo_1690.json
开始处理: tibetan1/oral_lhasa_1683.json
开始处理: tibetan1/oral_kham_1079.json
开始处理: tibetan1/oral_kham_0972.json
开始处理: tibetan1/oral_kham_0776.json
开始处理: tibetan1/oral_kham_1047.json
开始处理: tibetan1/oral_kham_1133.json
开始处理: tibetan1/oral_amdo_1818.json
开始处理: tibetan1/oral_lhasa_1504.json
开始处理: tibetan1/oral_amdo_1606.json
开始处理: tibetan1/oral_lhasa_1557.json
开始处理: tibetan1/oral_amdo_1404.json
开始处理: tibetan1/oral_kham_0942.json
开始处理: tibetan1/oral_amdo_1551.json
开始处理: tibetan1/oral_amdo_1505.json
开始处理: tibetan1/oral_amdo_1355.json
开始处理: tibetan1/oral_amdo_1539.json
开始处理: tibetan1/oral_kham_0932.json
开始处理: tibetan1/oral_amdo_1685.json
开始处理: tibetan1/oral_lhasa_1909.json
开始处理: tibetan1/oral_kham_0930.json
加载JSON文件: tibetan1/oral_amdo_1355.json, 句子数: 500
  → 文件类型: oral_amdo, 行数: 500
开始处理: tibetan1/oral_lhasa_1545.json
开始处理: tibetan1/oral_lhasa_1715.json
开始处理: tibetan1/oral_lhasa_1949.json
开始处理: tibetan1/oral_kham_0771.json
开始处理: tibetan1/oral_lhasa_1682.json
开始处理: tibetan1/oral_amdo_1668.json
开始处理: tibetan1/oral_kham_0847.json
加载JSON文件: tibetan1/oral_amdo_1690.json, 句子数: 500
  → 文件类型: oral_amdo, 行数: 500
开始处理: tibetan1/oral_kham_1052.json
加载JSON文件: tibetan1/oral_amdo_1539.json, 句子数: 500
  → 文件类型: oral_amdo, 行数: 500
加载JSON文件: tibetan1/oral_kham_0847.json, 句子数: 500
  → 文件类型: oral_kham, 行数: 500
开始处理: tibetan1/oral_amdo_1814.json
加载JSON文件: tibetan1/oral_amdo_1606.json, 句子数: 500
  → 文件类型: oral_amdo, 行数: 500
加载JSON文件: tibetan1/oral_kham_0942.json, 句子数: 500
  → 文件类型: oral_kham, 行数: 500
加载JSON文件: tibetan1/oral_kham_0771.json, 句子数: 500
  → 文件类型: oral_kham, 行数: 500
加载JSON文件: tibetan1/oral_amdo_1818.json, 句子数: 500
  → 文件类型: oral_amdo, 行数: 500
加载JSON文件: tibetan1/oral_lhasa_1683.json, 句子数: 500
  → 文件类型: oral_lhasa, 行数: 500
加载JSON文件: tibetan1/oral_lhasa_1504.json, 句子数: 500
  → 文件类型: oral_lhasa, 行数: 500
加载JSON文件: tibetan1/oral_lhasa_1557.json, 句子数: 500
  → 文件类型: oral_lhasa, 行数: 500
加载JSON文件: tibetan1/oral_kham_0776.json, 句子数: 500
  → 文件类型: oral_kham, 行数: 500
加载JSON文件: tibetan1/oral_lhasa_1682.json, 句子数: 500
  → 文件类型: oral_lhasa, 行数: 500
加载JSON文件: tibetan1/oral_lhasa_1715.json, 句子数: 500
  → 文件类型: oral_lhasa, 行数: 500
加载JSON文件: tibetan1/oral_kham_0932.json, 句子数: 500
  → 文件类型: oral_kham, 行数: 500
加载JSON文件: tibetan1/oral_amdo_1551.json, 句子数: 500
  → 文件类型: oral_amdo, 行数: 500
加载JSON文件: tibetan1/oral_amdo_1404.json, 句子数: 500
  → 文件类型: oral_amdo, 行数: 500
加载JSON文件: tibetan1/oral_amdo_1685.json, 句子数: 500
  → 文件类型: oral_amdo, 行数: 500
加载JSON文件: tibetan1/oral_kham_0930.json, 句子数: 500
  → 文件类型: oral_kham, 行数: 500
加载JSON文件: tibetan1/oral_amdo_1814.json, 句子数: 500
  → 文件类型: oral_amdo, 行数: 500
加载JSON文件: tibetan1/oral_kham_1079.json, 句子数: 500
  → 文件类型: oral_kham, 行数: 500
加载JSON文件: tibetan1/oral_kham_0972.json, 句子数: 500
  → 文件类型: oral_kham, 行数: 500
加载JSON文件: tibetan1/oral_amdo_1668.json, 句子数: 500
  → 文件类型: oral_amdo, 行数: 500
加载JSON文件: tibetan1/oral_kham_1133.json, 句子数: 500
  → 文件类型: oral_kham, 行数: 500
加载JSON文件: tibetan1/oral_kham_1047.json, 句子数: 500
  → 文件类型: oral_kham, 行数: 500
加载JSON文件: tibetan1/oral_amdo_1505.json, 句子数: 500
  → 文件类型: oral_amdo, 行数: 500
加载JSON文件: tibetan1/oral_kham_1052.json, 句子数: 500
  → 文件类型: oral_kham, 行数: 500
加载JSON文件: tibetan1/oral_lhasa_1545.json, 句子数: 500
  → 文件类型: oral_lhasa, 行数: 500
加载JSON文件: tibetan1/oral_lhasa_1949.json, 句子数: 500
  → 文件类型: oral_lhasa, 行数: 500
加载JSON文件: tibetan1/oral_lhasa_1909.json, 句子数: 500
  → 文件类型: oral_lhasa, 行数: 500
WebDriver初始化成功
  → 开始翻译 500 行...

翻译尝试 1/3
原文长度: 41 字符
原文: ཚིག་གསུམ་ལའང་རང་བཞིན་གྱིས་ཡོད་པ་མ་ཡིན་ཏེ།
正在访问: http://222.19.82.141:5002/index-Final.html
WebDriver初始化成功
  → 开始翻译 500 行...

翻译尝试 1/3
原文长度: 67 字符
原文: ལམ་ཡངས་ས་ལ་བསྐྱོད་པ་ནི་ཨ་ཐར་གྱི་རྨི་ལམ་དངོས་སུ་འགྲུབ་པ་དྲྭ་ཞིག་རེད།
正在访问: http://222.19.82.141:5002/index-Final.html
WebDriver初始化成功
  → 开始翻译 500 行...

翻译尝试 1/3
原文长度: 24 字符
原文: ཡང་དག་ཀུན་ནས་ཤེས་པར་དཀའ།
正在访问: http://222.19.82.141:5002/index-Final.html
WebDriver初始化成功
  → 开始翻译 500 行...

翻译尝试 1/3
原文长度: 38 字符
原文: དེ་བསགང་གིས་འདིའི་མཚན་བརྗོད་པ་དེ་ལ་ནི།
正在访问: http://222.19.82.141:5002/index-Final.html
WebDriver初始化成功
  → 开始翻译 500 行...

翻译尝试 1/3
原文长度: 26 字符
原文: ཞེས་པ་དེ་རྣམས་སྡུད་པར་གདའ།
正在访问: http://222.19.82.141:5002/index-Final.html
WebDriver初始化成功
  → 开始翻译 500 行...

翻译尝试 1/3
原文长度: 86 字符
原文预览: དགེ་སློང་གིས་ཡིད་གཅུགས་པ་མ་ཡིན་པ་ལ་ཡིད་གཅུགས་པ་སྐྱེད་པར་བྱེད་ན་འགལ་ཚབས་ཅན་དུ་འགྱ...
正在访问: http://222.19.82.141:5002/index-Final.html
WebDriver初始化成功
  → 开始翻译 500 行...

翻译尝试 1/3
原文长度: 28 字符
原文: འབྲིང་ལ་། རྫོགས་པར་གང་སྣང་བ།
正在访问: http://222.19.82.141:5002/index-Final.html
WebDriver初始化成功
  → 开始翻译 500 行...

翻译尝试 1/3
原文长度: 16 字符
原文: ཞེས་གསུངས་པ་ལྟར།
正在访问: http://222.19.82.141:5002/index-Final.html
WebDriver初始化成功
  → 开始翻译 500 行...

翻译尝试 1/3
原文长度: 7 字符
原文: དེར་ཐལ།
正在访问: http://222.19.82.141:5002/index-Final.html
WebDriver初始化成功
  → 开始翻译 500 行...

翻译尝试 1/3
原文长度: 47 字符
原文: ཁོ་ལ་གྲོགས་འགའ་ཟུང་འདུག་པ་ལ་ཆས་རྣམས་བསྐུར་འདུག།
正在访问: http://222.19.82.141:5002/index-Final.html
WebDriver初始化成功
  → 开始翻译 500 行...

翻译尝试 1/3
原文长度: 93 字符
原文预览: རང་སྣང་ལ་ལོངས་སྐུར་ཤར་བའི་དབྱིངས་སུ་འཚང་རྒྱ་མི་ཤེས་པར་སྣང་བ་རང་མཚན་པར་འཛིན་པ་ལས་...
正在访问: http://222.19.82.141:5002/index-Final.html
WebDriver初始化成功
  → 开始翻译 500 行...

翻译尝试 1/3
原文长度: 23 字符
原文: རེག་པ་ཡིན་པའི་ཕྱིར་དང་།
正在访问: http://222.19.82.141:5002/index-Final.html
翻译页面加载成功
基础等待时间: 2.5秒
1. 输入文本...
翻译页面加载成功
基础等待时间: 4.0秒
1. 输入文本...
翻译页面加载成功
基础等待时间: 2.5秒
1. 输入文本...
WebDriver初始化成功
  → 开始翻译 500 行...

翻译尝试 1/3
原文长度: 72 字符
原文: རྐུ་བ་ལ་སོགས་པ་ཡོན་ཏན་མེད་པའི་ཚོགས་རྣམ་པ་སྣ་ཚོགས་པ་ཡང་ཁྱོད་ལ་ཅི་སྟེ་མེད།
正在访问: http://222.19.82.141:5002/index-Final.html
WebDriver初始化成功
  → 开始翻译 500 行...

翻译尝试 1/3
原文长度: 30 字符
原文: མཐའ་རྒྱ་མིག་གིས་མཐོང་མི་ཐུབ་པ།
正在访问: http://222.19.82.141:5002/index-Final.html
WebDriver初始化成功
  → 开始翻译 500 行...

翻译尝试 1/3
原文长度: 61 字符
原文: རང་རེའི་སྐད་ལ་མིང་ཕྲད་སྒྲ་གཅིག་ཏུ་གྱུར་ཏེ་དོན་ལ་གོལ་བ་བྱུང་ན།
正在访问: http://222.19.82.141:5002/index-Final.html
WebDriver初始化成功
  → 开始翻译 500 行...

翻译尝试 1/3
原文长度: 43 字符
原文: འདུག་ནས་དེས་འཚོ་བའི་བསམ་པས་བཟའ་བར་བརྩམས་སོ།
正在访问: http://222.19.82.141:5002/index-Final.html
翻译页面加载成功
基础等待时间: 1.5秒
1. 输入文本...
WebDriver初始化成功
  → 开始翻译 500 行...

翻译尝试 1/3
原文长度: 64 字符
原文: ང་རང་ཉིད་ཀྱི་ཁང་བར་འབྱོར་དུས་ཕལ་ཆེར་ས་རུབ་ནས་རྒྱང་མིག་ཆད་འདུག་ལ།
正在访问: http://222.19.82.141:5002/index-Final.html
WebDriver初始化成功
  → 开始翻译 500 行...

翻译尝试 1/3
原文长度: 65 字符
原文: རྗེས་སུ་ཡི་རང་བ་དང་ལྡན་པའི་སེམས་བསྐྱེད་པ་དེ་དག་ལ་མཚན་མར་བྱས་ཤིང་།
正在访问: http://222.19.82.141:5002/index-Final.html
WebDriver初始化成功
  → 开始翻译 500 行...

翻译尝试 1/3
原文长度: 70 字符
原文: བདག་འཁོར་དང་བཅས་པ་མཆོད་ལ་སེམས་རྩེ་གཅིག་དང་ལྡན་པས་གནས་དབེན་པར་འདུག་སྟེ།
正在访问: http://222.19.82.141:5002/index-Final.html
WebDriver初始化成功
  → 开始翻译 500 行...

翻译尝试 1/3
原文长度: 57 字符
原文: གཉིད་བསམ་གཏན་དུ་བསྲེ་ཞིང་རང་བཞིན་འོད་གསལ་དུ་རོ་མཉམ་པ་དང་།
正在访问: http://222.19.82.141:5002/index-Final.html
WebDriver初始化成功
  → 开始翻译 500 行...

翻译尝试 1/3
原文长度: 42 字符
原文: དེས་ནི་ཕྱོགས་མ་ཡིན་པ་མཉེ་བ་ཙམ་ཞིག་བྱས་ལ་༨།
正在访问: http://222.19.82.141:5002/index-Final.html
WebDriver初始化成功
  → 开始翻译 500 行...

翻译尝试 1/3
原文长度: 24 字符
原文: ང་རང་བདག་པོ་ཡིན་སྙམས་ནས།
正在访问: http://222.19.82.141:5002/index-Final.html
WebDriver初始化成功
  → 开始翻译 500 行...

翻译尝试 1/3
原文长度: 14 字符
原文: གནའ་དང་པོ་ཙ་ན།
正在访问: http://222.19.82.141:5002/index-Final.html
WebDriver初始化成功
  → 开始翻译 500 行...

翻译尝试 1/3
原文长度: 52 字符
原文: རབ་མཆོག་དེ་བཞིན་གཤེགས་པ་དགྲ་བཅོམ་པ་ཡང་དག་པར་རྫོགས་པ།
正在访问: http://222.19.82.141:5002/index-Final.html
WebDriver初始化成功
  → 开始翻译 500 行...

翻译尝试 1/3
原文长度: 30 字符
原文: མཆོག་ཏུ་ཡིད་འོང་བཟའ་བཏུང་ཚོགས།
正在访问: http://222.19.82.141:5002/index-Final.html
WebDriver初始化成功
  → 开始翻译 500 行...

翻译尝试 1/3
原文长度: 26 字符
原文: ཁྱེད་རང་ཉིད་ལ་ལོག་ནས་སྣང་།
正在访问: http://222.19.82.141:5002/index-Final.html
WebDriver初始化成功
  → 开始翻译 500 行...

翻译尝试 1/3
原文长度: 36 字符
原文: ཁྱོད་ལ་ཤ་གཞན་ཞིག་སྦྱིན་དའལ་ཁ་སྨྲས་པ།
正在访问: http://222.19.82.141:5002/index-Final.html
翻译页面加载成功
基础等待时间: 2.5秒
1. 输入文本...
WebDriver初始化成功
  → 开始翻译 500 行...

翻译尝试 1/3
原文长度: 28 字符
原文: རིགས་དྲུག་དག་ནི་རྣམ་པར་དགོད།
正在访问: http://222.19.82.141:5002/index-Final.html
WebDriver初始化成功
  → 开始翻译 500 行...

翻译尝试 1/3
原文长度: 38 字符
原文: རྒྱུ་ནོར་དངོས་པོ་མེད་པས་ཡོང་བ་མི་འདུག།
正在访问: http://222.19.82.141:5002/index-Final.html
WebDriver初始化成功
  → 开始翻译 500 行...

翻译尝试 1/3
原文长度: 49 字符
原文: དེ་ཚོས་ཀྱང་མཁར་གོག་གི་མིང་ལ་ལྕགས་རི་ཟེར་བ་མིན་ནམ།
正在访问: http://222.19.82.141:5002/index-Final.html
翻译页面加载成功
基础等待时间: 1.5秒
1. 输入文本...
文本输入完成 (长度: 41 字符)
2. 点击翻译按钮...
翻译页面加载成功
基础等待时间: 1.5秒
1. 输入文本...
翻译页面加载成功
基础等待时间: 1.5秒
1. 输入文本...
翻译页面加载成功
基础等待时间: 1.5秒
1. 输入文本...
文本输入完成 (长度: 26 字符)
2. 点击翻译按钮...
文本输入完成 (长度: 86 字符)
2. 点击翻译按钮...
文本输入完成 (长度: 67 字符)
2. 点击翻译按钮...
翻译页面加载成功
基础等待时间: 2.5秒
1. 输入文本...
点击成功
3. 等待翻译...
等待翻译: 2.5秒
文本输入完成 (长度: 38 字符)
2. 点击翻译按钮...
点击成功
3. 等待翻译...
等待翻译: 4.0秒
点击成功
3. 等待翻译...
等待翻译: 1.5秒
点击成功
3. 等待翻译...
等待翻译: 2.5秒
文本输入完成 (长度: 24 字符)
2. 点击翻译按钮...
点击成功
3. 等待翻译...
等待翻译: 2.5秒
文本输入完成 (长度: 16 字符)
2. 点击翻译按钮...
文本输入完成 (长度: 28 字符)
2. 点击翻译按钮...
文本输入完成 (长度: 7 字符)
2. 点击翻译按钮...
点击成功
3. 等待翻译...
等待翻译: 1.5秒
文本输入完成 (长度: 47 字符)
2. 点击翻译按钮...
点击成功
3. 等待翻译...
等待翻译: 1.5秒
点击成功
3. 等待翻译...
等待翻译: 1.5秒
点击成功
3. 等待翻译...
等待翻译: 1.5秒
点击成功
3. 等待翻译...
等待翻译: 2.5秒
翻译页面加载成功
基础等待时间: 1.5秒
1. 输入文本...
翻译页面加载成功
基础等待时间: 4.0秒
1. 输入文本...
翻译页面加载成功
基础等待时间: 2.5秒
1. 输入文本...
翻译页面加载成功
基础等待时间: 1.5秒
1. 输入文本...
文本输入完成 (长度: 23 字符)
2. 点击翻译按钮...
翻译页面加载成功
基础等待时间: 2.5秒
1. 输入文本...
点击成功
3. 等待翻译...
等待翻译: 1.5秒
文本输入完成 (长度: 93 字符)
2. 点击翻译按钮...
文本输入完成 (长度: 72 字符)
2. 点击翻译按钮...
文本输入完成 (长度: 30 字符)
2. 点击翻译按钮...
点击成功
3. 等待翻译...
等待翻译: 4.0秒
点击成功
3. 等待翻译...
等待翻译: 2.5秒
翻译页面加载成功
基础等待时间: 1.5秒
1. 输入文本...
点击成功
3. 等待翻译...
等待翻译: 1.5秒
翻译页面加载成功
基础等待时间: 2.5秒
1. 输入文本...
翻译页面加载成功
基础等待时间: 2.5秒
1. 输入文本...
文本输入完成 (长度: 61 字符)
2. 点击翻译按钮...
翻译结果仍在变化，继续等待... (已等待0.0秒)
文本输入完成 (长度: 24 字符)
2. 点击翻译按钮...
点击成功
3. 等待翻译...
等待翻译: 2.5秒
文本输入完成 (长度: 42 字符)
2. 点击翻译按钮...
翻译页面加载成功
基础等待时间: 2.5秒
1. 输入文本...
翻译结果仍在变化，继续等待... (已等待0.0秒)
翻译页面加载成功
基础等待时间: 2.5秒
1. 输入文本...
文本输入完成 (长度: 65 字符)
2. 点击翻译按钮...
点击成功
3. 等待翻译...
等待翻译: 1.5秒
点击成功
3. 等待翻译...
等待翻译: 2.5秒
翻译结果仍在变化，继续等待... (已等待0.0秒)
翻译结果仍在变化，继续等待... (已等待0.0秒)
翻译结果仍在变化，继续等待... (已等待0.0秒)
翻译页面加载成功
基础等待时间: 2.5秒
1. 输入文本...
点击成功
3. 等待翻译...
等待翻译: 2.5秒
翻译页面加载成功
基础等待时间: 2.5秒
1. 输入文本...
翻译页面加载成功
基础等待时间: 1.5秒
1. 输入文本...
文本输入完成 (长度: 43 字符)
2. 点击翻译按钮...
点击成功
3. 等待翻译...
等待翻译: 2.5秒
文本输入完成 (长度: 70 字符)
2. 点击翻译按钮...
文本输入完成 (长度: 36 字符)
2. 点击翻译按钮...
翻译页面加载成功
基础等待时间: 2.5秒
1. 输入文本...
翻译页面加载成功
基础等待时间: 1.5秒
1. 输入文本...
文本输入完成 (长度: 14 字符)
2. 点击翻译按钮...
点击成功
3. 等待翻译...
等待翻译: 2.5秒
点击成功
3. 等待翻译...
等待翻译: 2.5秒
文本输入完成 (长度: 64 字符)
2. 点击翻译按钮...
点击成功
3. 等待翻译...
等待翻译: 1.5秒
翻译结果仍在变化，继续等待... (已等待0.0秒)
翻译结果仍在变化，继续等待... (已等待0.0秒)
点击成功
3. 等待翻译...
等待翻译: 2.5秒
翻译结果仍在变化，继续等待... (已等待0.0秒)
文本输入完成 (长度: 30 字符)
2. 点击翻译按钮...
翻译结果仍在变化，继续等待... (已等待0.0秒)
文本输入完成 (长度: 52 字符)
2. 点击翻译按钮...
点击成功
3. 等待翻译...
等待翻译: 1.5秒
翻译页面加载成功
基础等待时间: 1.5秒
1. 输入文本...
翻译页面加载成功
基础等待时间: 1.5秒
1. 输入文本...
翻译结果仍在变化，继续等待... (已等待0.0秒)
点击成功
3. 等待翻译...
等待翻译: 2.5秒
翻译结果仍在变化，继续等待... (已等待0.0秒)
文本输入完成 (长度: 28 字符)
2. 点击翻译按钮...
翻译结果稳定，总等待时间: 3.0秒
4. 获取翻译结果...
翻译成功 (长度: 6 字符)
结果: 是指的这些。
文本输入完成 (长度: 26 字符)
2. 点击翻译按钮...
点击成功
3. 等待翻译...
等待翻译: 1.5秒
翻译结果稳定，总等待时间: 3.0秒
4. 获取翻译结果...
点击成功
3. 等待翻译...
等待翻译: 1.5秒
翻译结果仍在变化，继续等待... (已等待0.0秒)
翻译成功 (长度: 8 字符)
结果: 全部正确是很难的
翻译结果稳定，总等待时间: 3.0秒
4. 获取翻译结果...
翻译页面加载成功
基础等待时间: 2.5秒
1. 输入文本...
翻译结果稳定，总等待时间: 3.0秒
4. 获取翻译结果...
翻译成功 (长度: 14 字符)
结果: 正所谓“不忘本，才能长远”。
翻译成功 (长度: 7 字符)
结果: 中，间，中间。
翻译结果稳定，总等待时间: 3.0秒
4. 获取翻译结果...
翻译成功 (长度: 4 字符)
结果: 差点儿。
翻译页面加载成功
基础等待时间: 2.5秒
1. 输入文本...
文本输入完成 (长度: 38 字符)
2. 点击翻译按钮...
翻译页面加载成功
基础等待时间: 2.5秒
1. 输入文本...
翻译结果仍在变化，继续等待... (已等待0.0秒)
点击成功
3. 等待翻译...
等待翻译: 2.5秒
翻译结果仍在变化，继续等待... (已等待0.0秒)
翻译结果仍在变化，继续等待... (已等待0.0秒)
翻译结果稳定，总等待时间: 4.0秒
4. 获取翻译结果...
翻译成功 (长度: 8 字符)
结果: 三字当头也不是。
文本输入完成 (长度: 57 字符)
2. 点击翻译按钮...
翻译结果稳定，总等待时间: 4.0秒
4. 获取翻译结果...
文本输入完成 (长度: 49 字符)
2. 点击翻译按钮...
翻译成功 (长度: 17 字符)
结果: 漫步大地是阿达真正实现的一个梦想。
翻译结果仍在变化，继续等待... (已等待0.0秒)
翻译结果稳定，总等待时间: 3.0秒
4. 获取翻译结果...
翻译成功 (长度: 6 字符)
结果: 因为摸过的；
翻译结果稳定，总等待时间: 4.0秒
4. 获取翻译结果...
翻译成功 (长度: 16 字符)
结果: 那么哪个在这个称呼上是那一位呢？
点击成功
3. 等待翻译...
等待翻译: 2.5秒
翻译结果仍在变化，继续等待... (已等待0.0秒)
翻译结果仍在变化，继续等待... (已等待0.0秒)
点击成功
3. 等待翻译...
等待翻译: 2.5秒
翻译结果稳定，总等待时间: 3.0秒
4. 获取翻译结果...
翻译成功 (长度: 5 字符)
结果: 眼不见底。
翻译结果仍在变化，继续等待... (已等待0.0秒)
翻译结果稳定，总等待时间: 4.0秒
4. 获取翻译结果...
翻译成功 (长度: 12 字符)
结果: 他有一群朋友都在发邮件。
翻译结果仍在变化，继续等待... (已等待0.0秒)
翻译结果仍在变化，继续等待... (已等待0.0秒)
翻译结果仍在变化，继续等待... (已等待0.0秒)
翻译结果仍在变化，继续等待... (已等待0.0秒)
翻译结果仍在变化，继续等待... (已等待0.0秒)
翻译结果稳定，总等待时间: 3.0秒
4. 获取翻译结果...
翻译成功 (长度: 8 字符)
结果: 我以为我是主人。
翻译结果仍在变化，继续等待... (已等待0.0秒)

翻译尝试 1/3
原文长度: 21 字符
原文: ཞེས་པ་དེ་སྡུད་པར་གདའ།
基础等待时间: 1.5秒
1. 输入文本...
翻译结果仍在变化，继续等待... (已等待0.0秒)

翻译尝试 1/3
原文长度: 122 字符
原文预览: གཞན་ཡང་འདིར་གང་ཞིག་མངོན་བར་འདོད་ཅིང་སྲེད་པས་ཡོངས་སུ་གཡོ་བ་དེ་གལ་ཏེ་ངེས་པར་འགྲུབ་...
基础等待时间: 4.0秒
1. 输入文本...
翻译结果稳定，总等待时间: 4.0秒
4. 获取翻译结果...
翻译结果仍在变化，继续等待... (已等待0.0秒)
翻译成功 (长度: 20 字符)
结果: 偷窃等等各种无知的群体你又怎么会没有呢？

翻译尝试 1/3
原文长度: 47 字符
原文: སྟོང་ཐུན་ལས་གསུངས་པ་དང་མི་འགལ་ཏེ་སྟོང་ཐུན་༤༨ལས།
基础等待时间: 2.5秒
1. 输入文本...

翻译尝试 1/3
原文长度: 40 字符
原文: གང་ཟག་བདག་མེད་རྟོགས་པ་ལྟ་བས་ཁྱད་པར་འཕགས།
基础等待时间: 2.5秒
1. 输入文本...
文本输入完成 (长度: 21 字符)
2. 点击翻译按钮...

翻译尝试 1/3
原文长度: 11 字符
原文: ཁ་ཅིག་ན་རེ།
基础等待时间: 1.5秒
1. 输入文本...
点击成功
3. 等待翻译...
等待翻译: 1.5秒
翻译结果稳定，总等待时间: 3.0秒
4. 获取翻译结果...
翻译结果稳定，总等待时间: 5.5秒
4. 获取翻译结果...
翻译成功 (长度: 5 字符)
结果: 从古至今。
翻译成功 (长度: 18 字符)
结果: 僧人不应同陌生人亲密，亲密就要犯法。
文本输入完成 (长度: 47 字符)
2. 点击翻译按钮...
文本输入完成 (长度: 40 字符)
2. 点击翻译按钮...
翻译结果稳定，总等待时间: 4.0秒
4. 获取翻译结果...
文本输入完成 (长度: 11 字符)
2. 点击翻译按钮...
翻译成功 (长度: 16 字符)
结果: 我们的语言如果出现了同音同义词。
翻译结果稳定，总等待时间: 3.0秒
4. 获取翻译结果...
点击成功
3. 等待翻译...
等待翻译: 2.5秒
点击成功
3. 等待翻译...
等待翻译: 2.5秒
点击成功
3. 等待翻译...
等待翻译: 1.5秒
翻译成功 (长度: 7 字符)
结果: 精美饮食宴会。
文本输入完成 (长度: 122 字符)
2. 点击翻译按钮...
翻译结果稳定，总等待时间: 4.0秒
4. 获取翻译结果...
翻译成功 (长度: 12 字符)
结果: 它只是按摩了非方位部位。
翻译结果稳定，总等待时间: 4.0秒
4. 获取翻译结果...
点击成功
3. 等待翻译...
等待翻译: 4.0秒
翻译成功 (长度: 14 字符)
结果: 在后来对这些赞同的心灵感应。

翻译尝试 1/3
原文长度: 45 字符
原文: གཏན་ཚིགས་དམ་བཅའ་དང་རང་བཞིན་གྱིས་གཅིག་གམ་ཐ་དད།
基础等待时间: 2.5秒
1. 输入文本...

翻译尝试 1/3
原文长度: 37 字符
原文: འདི་ནི་ལམ་ཁ་གང་ཡང་མེད་པའི་སྐབས་རེད་ལ།
基础等待时间: 2.5秒
1. 输入文本...

翻译尝试 1/3
原文长度: 127 字符
原文预览: བརྗོད་པར་བྱ་བ་ཡིན་པའི་ཕྱིར་ཞེས་བྱ་བ་ལ་སོགས་པའི་གཏན་ཚིགས་དག་གི་ཕྱིར་དཔེར་ན་བོང་བ་...
基础等待时间: 4.0秒
1. 输入文本...

翻译尝试 1/3
原文长度: 115 字符
原文预览: བྱམས་པའི་མངའ་བདག་ལརྟགཏུགདུལ་བྱ་ཐམས་ཅད་ཀྱི་མདུན་ན་གནས་པའི་ཕྱིར་བདག་གིས་དེའི་སྐུ་ཁ...
基础等待时间: 4.0秒
1. 输入文本...
翻译结果稳定，总等待时间: 4.0秒
4. 获取翻译结果...
翻译成功 (长度: 14 字符)
结果: 它坐下，生活心思开始吃起来。
文本输入完成 (长度: 45 字符)
2. 点击翻译按钮...
翻译结果稳定，总等待时间: 3.0秒
4. 获取翻译结果...

翻译尝试 1/3
原文长度: 13 字符
原文: དོག་ས་དོག་མོ།
基础等待时间: 1.5秒
1. 输入文本...
文本输入完成 (长度: 37 字符)
2. 点击翻译按钮...
翻译结果稳定，总等待时间: 3.0秒
4. 获取翻译结果...
翻译成功 (长度: 10 字符)
结果: 六种情形都是可笑的。
翻译结果稳定，总等待时间: 4.0秒
4. 获取翻译结果...
翻译结果仍在变化，继续等待... (已等待0.0秒)
翻译成功 (长度: 10 字符)
结果: 你会回到自己身边的。
翻译结果稳定，总等待时间: 4.0秒
4. 获取翻译结果...
翻译成功 (长度: 19 字符)
结果: 我和随从一起在佛光之下专心致志地坐着。
翻译成功 (长度: 13 字符)
结果: 给你另一块肉，咋还说怪我。
点击成功
3. 等待翻译...
等待翻译: 2.5秒
点击成功
3. 等待翻译...
等待翻译: 2.5秒

翻译尝试 1/3
原文长度: 24 字符
原文: ང་རང་མཐོང་ཆེ་བ་མ་ཡིན་ཏེ།
基础等待时间: 1.5秒
1. 输入文本...
翻译结果稳定，总等待时间: 4.0秒
4. 获取翻译结果...
文本输入完成 (长度: 13 字符)
2. 点击翻译按钮...
翻译成功 (长度: 20 字符)
结果: 我回到自己的房间时，天几乎黑了，眼远了。
文本输入完成 (长度: 127 字符)
2. 点击翻译按钮...
翻译结果仍在变化，继续等待... (已等待0.0秒)
文本输入完成 (长度: 115 字符)
2. 点击翻译按钮...
点击成功
3. 等待翻译...
等待翻译: 1.5秒
翻译结果稳定，总等待时间: 5.5秒
4. 获取翻译结果...
翻译结果仍在变化，继续等待... (已等待0.0秒)
翻译成功 (长度: 17 字符)
结果: 在自我满足的境界中，蠢笨胜于智慧。
点击成功
3. 等待翻译...
等待翻译: 4.0秒
文本输入完成 (长度: 24 字符)
2. 点击翻译按钮...

翻译尝试 1/3
原文长度: 39 字符
原文: དེ་ནས་མནར་མེད་དུ་འགྲོ་དགོས་པར་འདུག་ཟེར།
基础等待时间: 2.5秒
1. 输入文本...
点击成功
3. 等待翻译...
等待翻译: 4.0秒
翻译结果稳定，总等待时间: 4.0秒
4. 获取翻译结果...
翻译成功 (长度: 10 字符)
结果: 如来佛，四两拨千斤。
点击成功
3. 等待翻译...
等待翻译: 1.5秒
翻译结果仍在变化，继续等待... (已等待0.0秒)
文本输入完成 (长度: 39 字符)
2. 点击翻译按钮...
点击成功
3. 等待翻译...
等待翻译: 2.5秒

翻译尝试 1/3
原文长度: 22 字符
原文: བུ་མོ་ལྕེབས་པ་བཞིན་ནོ།
基础等待时间: 1.5秒
1. 输入文本...
翻译结果仍在变化，继续等待... (已等待0.0秒)

翻译尝试 1/3
原文长度: 48 字符
原文: དམག་མི་འགས་ཁོ་ལ་བསྒུགས་འདུག་པ་དང་ཁོ་མཐོང་བ་ཙམ་ལ།
基础等待时间: 2.5秒
1. 输入文本...

翻译尝试 1/3
原文长度: 53 字符
原文: ཞེས་ཟེར་བར་འགྱུར་རོ་སྙམ་ནས་འགྱོད་པ་སྐྱེས་ཏེ་མ་སོང་ངོ།
基础等待时间: 2.5秒
1. 输入文本...
文本输入完成 (长度: 22 字符)
2. 点击翻译按钮...

翻译尝试 1/3
原文长度: 3 字符
原文: མོ།
基础等待时间: 1.5秒
1. 输入文本...
点击成功
3. 等待翻译...
等待翻译: 1.5秒

翻译尝试 1/3
原文长度: 27 字符
原文: མཆོག་རྟེན་ལ་ནི་རང་གིས་འབུལ།
基础等待时间: 1.5秒
1. 输入文本...

翻译尝试 1/3
原文长度: 26 字符
原文: དེ་ཡི་རྒྱུ་ནི་གཅིག་མིན་པར།
基础等待时间: 1.5秒
1. 输入文本...
文本输入完成 (长度: 48 字符)
2. 点击翻译按钮...

翻译尝试 1/3
原文长度: 37 字符
原文: འདུས་བྱས་སྟོང་པ་ཉིད་དེ་ལྟར་བསྟན་པ་ནི།
基础等待时间: 2.5秒
1. 输入文本...
文本输入完成 (长度: 53 字符)
2. 点击翻译按钮...
文本输入完成 (长度: 3 字符)
2. 点击翻译按钮...
翻译结果稳定，总等待时间: 4.0秒
4. 获取翻译结果...
点击成功
3. 等待翻译...
等待翻译: 2.5秒
翻译成功 (长度: 9 字符)
结果: 因为没有财产物质，
文本输入完成 (长度: 27 字符)
2. 点击翻译按钮...
点击成功
3. 等待翻译...
等待翻译: 2.5秒
点击成功
3. 等待翻译...
等待翻译: 1.5秒
文本输入完成 (长度: 26 字符)
2. 点击翻译按钮...

翻译尝试 1/3
原文长度: 42 字符
原文: ཞིང་པ་སྣམས་བྱེད་ཅུང་ཟད་ཅིག་འདུག་ནས་སྨྲས་པ།
基础等待时间: 2.5秒
1. 输入文本...
点击成功
3. 等待翻译...
等待翻译: 1.5秒
文本输入完成 (长度: 37 字符)
2. 点击翻译按钮...
点击成功
3. 等待翻译...
等待翻译: 1.5秒
翻译结果仍在变化，继续等待... (已等待0.0秒)
翻译结果稳定，总等待时间: 4.0秒
4. 获取翻译结果...
翻译结果仍在变化，继续等待... (已等待0.0秒)
翻译结果仍在变化，继续等待... (已等待0.0秒)
翻译成功 (长度: 14 字符)
结果: 睡眠融入冥想，性欲融入明亮。
翻译结果稳定，总等待时间: 4.0秒
4. 获取翻译结果...

翻译尝试 1/3
原文长度: 42 字符
原文: ལྷོ་རུ་ཨར་བུ་ད་ན་མཆེ་བ་རྣམ་པར་གཙིགས་པ་དང་།
基础等待时间: 2.5秒
1. 输入文本...
翻译成功 (长度: 16 字符)
结果: 它们也不是把废弃城堡叫做长城吗？

翻译尝试 1/3
原文长度: 23 字符
原文: ཆོ་ག་ལོག་ན་ཁྱེད་རང་ལོག།
基础等待时间: 1.5秒
1. 输入文本...

翻译尝试 1/3
原文长度: 30 字符
原文: སྨིན་དྲུག་དུས་སུ་རབ་བསྒྲུབས་ན།
基础等待时间: 1.5秒
1. 输入文本...
点击成功
3. 等待翻译...
等待翻译: 2.5秒

翻译尝试 1/3
原文长度: 30 字符
原文: བདག་འབའ་ཞིག་གི་ལུས་མ་གཏོགས་པར།
基础等待时间: 1.5秒
1. 输入文本...
翻译结果仍在变化，继续等待... (已等待0.0秒)
文本输入完成 (长度: 42 字符)
2. 点击翻译按钮...
翻译结果稳定，总等待时间: 3.0秒
4. 获取翻译结果...

翻译尝试 1/3
原文长度: 82 字符
原文预览: དཔོན་པོའི་སྤྱན་ཟུང་མཐོ་རིམ་མགོ་པའི་རྒྱས་སྤྲོས་ཀྱི་འགྲོ་འདུག་ལ་ལྟ་བྱེད་ཁོ་ན་མིན་པ...
基础等待时间: 4.0秒
1. 输入文本...
翻译成功 (长度: 5 字符)
结果: 合于时法。
点击成功
3. 等待翻译...
等待翻译: 2.5秒
文本输入完成 (长度: 42 字符)
2. 点击翻译按钮...
文本输入完成 (长度: 23 字符)
2. 点击翻译按钮...
文本输入完成 (长度: 30 字符)
2. 点击翻译按钮...
文本输入完成 (长度: 30 字符)
2. 点击翻译按钮...

翻译尝试 1/3
原文长度: 23 字符
原文: དེ་སྐད་དུ་ཀློང་དྲུག་པར།
基础等待时间: 1.5秒
1. 输入文本...
点击成功
3. 等待翻译...
等待翻译: 2.5秒
点击成功
3. 等待翻译...
等待翻译: 1.5秒
点击成功
3. 等待翻译...
等待翻译: 1.5秒
点击成功
3. 等待翻译...
等待翻译: 1.5秒
翻译结果稳定，总等待时间: 3.0秒
4. 获取翻译结果...

翻译尝试 1/3
原文长度: 57 字符
原文: གཤེན་རབ་མཆོག་དེ་བཞིན་གཤེགས་པ་དགྲ་བཅོམ་པ་ཡང་དག་པར་རྫོགས་པ།
基础等待时间: 2.5秒
1. 输入文本...
翻译成功 (长度: 4 字符)
结果: 有人说：
翻译结果仍在变化，继续等待... (已等待0.0秒)
翻译结果仍在变化，继续等待... (已等待0.0秒)
文本输入完成 (长度: 82 字符)
2. 点击翻译按钮...
文本输入完成 (长度: 23 字符)
2. 点击翻译按钮...
点击成功
3. 等待翻译...
等待翻译: 4.0秒
点击成功
3. 等待翻译...
等待翻译: 1.5秒
翻译结果仍在变化，继续等待... (已等待0.0秒)
文本输入完成 (长度: 57 字符)
2. 点击翻译按钮...
点击成功
3. 等待翻译...
等待翻译: 2.5秒
翻译结果仍在变化，继续等待... (已等待0.0秒)
翻译结果仍在变化，继续等待... (已等待0.0秒)
翻译结果仍在变化，继续等待... (已等待0.0秒)
翻译结果仍在变化，继续等待... (已等待0.0秒)
翻译结果稳定，总等待时间: 3.0秒
4. 获取翻译结果...
翻译成功 (长度: 6 字符)
结果: 狭小的场所。
翻译结果稳定，总等待时间: 4.0秒
4. 获取翻译结果...
翻译结果稳定，总等待时间: 4.0秒
4. 获取翻译结果...
翻译成功 (长度: 10 字符)
结果: 见识高雅，知人无垠。
翻译成功 (长度: 12 字符)
结果: 不违背经典的48课经文中
翻译结果仍在变化，继续等待... (已等待0.0秒)

翻译尝试 1/3
原文长度: 28 字符
原文: གཉེན་པོ་ངན་ནས་ཡོང་བ་མི་འདུག།
基础等待时间: 1.5秒
1. 输入文本...
翻译结果稳定，总等待时间: 3.0秒
4. 获取翻译结果...
翻译成功 (长度: 7 字符)
结果: 我不是很在乎。
文本输入完成 (长度: 28 字符)
2. 点击翻译按钮...

翻译尝试 1/3
原文长度: 17 字符
原文: ཉི་མ་ལྡོག་དུས་སམ།
基础等待时间: 1.5秒
1. 输入文本...
翻译结果仍在变化，继续等待... (已等待0.0秒)
翻译结果仍在变化，继续等待... (已等待0.0秒)

翻译尝试 1/3
原文长度: 45 字符
原文: ཨ་སྟག་བྲེལ་མྱུར་ངང་ཡར་ལངས་ནས་བརྒྱུགས་སོང་སྟེ།
基础等待时间: 2.5秒
1. 输入文本...
翻译结果仍在变化，继续等待... (已等待0.0秒)
点击成功
3. 等待翻译...
等待翻译: 1.5秒
翻译结果仍在变化，继续等待... (已等待0.0秒)
翻译结果稳定，总等待时间: 4.0秒
4. 获取翻译结果...
翻译成功 (长度: 17 字符)
结果: 逻辑承诺与自然承诺的同一性与区别。
翻译结果稳定，总等待时间: 4.0秒
4. 获取翻译结果...
翻译成功 (长度: 11 字符)
结果: 这是没有出路的时候吧。

翻译尝试 1/3
原文长度: 30 字符
原文: ཞེས་པ་རྒྱུསས་རྣམས་སྡུད་པར་གདའ།
基础等待时间: 1.5秒
1. 输入文本...
翻译结果仍在变化，继续等待... (已等待0.0秒)
文本输入完成 (长度: 17 字符)
2. 点击翻译按钮...
文本输入完成 (长度: 45 字符)
2. 点击翻译按钮...
翻译结果仍在变化，继续等待... (已等待0.0秒)
点击成功
3. 等待翻译...
等待翻译: 1.5秒
翻译结果仍在变化，继续等待... (已等待0.0秒)
点击成功
3. 等待翻译...
等待翻译: 2.5秒
翻译结果稳定，总等待时间: 3.0秒
4. 获取翻译结果...
翻译结果仍在变化，继续等待... (已等待0.0秒)
翻译成功 (长度: 6 字符)
结果: 就是女儿自杀
翻译结果仍在变化，继续等待... (已等待0.0秒)

翻译尝试 1/3
原文长度: 56 字符
原文: སྔོན་འཇུག་གི་མོ་ཡིག་འས་འཕུལ་བའི་བྱེད་འབྲེལ་ལས་ཚིག་ཡིན་ན།
基础等待时间: 2.5秒
1. 输入文本...
文本输入完成 (长度: 30 字符)
2. 点击翻译按钮...
点击成功
3. 等待翻译...
等待翻译: 1.5秒
翻译结果仍在变化，继续等待... (已等待0.0秒)
翻译结果稳定，总等待时间: 3.0秒
4. 获取翻译结果...
翻译成功 (长度: 2 字符)
结果: 她。
翻译结果仍在变化，继续等待... (已等待0.0秒)
翻译结果稳定，总等待时间: 3.0秒
4. 获取翻译结果...
文本输入完成 (长度: 56 字符)
2. 点击翻译按钮...
翻译成功 (长度: 5 字符)
结果: 自己供佛。
翻译结果稳定，总等待时间: 4.0秒
4. 获取翻译结果...
翻译结果稳定，总等待时间: 3.0秒
4. 获取翻译结果...
翻译成功 (长度: 7 字符)
结果: 然后说要去天堂
翻译成功 (长度: 8 字符)
结果: 其原因并非单一的
点击成功
3. 等待翻译...
等待翻译: 2.5秒
翻译结果稳定，总等待时间: 5.5秒
4. 获取翻译结果...
翻译成功 (长度: 36 字符)
结果: 此外，凡在这里想表现并被欲望所完全驱动的，如果一定要成功，那就要被驱动。

翻译尝试 1/3
原文长度: 15 字符
原文: འུང་གི་རྗེས་ལའ།
基础等待时间: 1.5秒
1. 输入文本...

翻译尝试 1/3
原文长度: 54 字符
原文: དགྲ་བཅོམ་ཟུང་བཞི་ཡ་བརྒྱད་ཐོབ་པས་འབྲས་བུའི་ཁྱད་པར་འཕགས།
基础等待时间: 2.5秒
1. 输入文本...

翻译尝试 1/3
原文长度: 45 字符
原文: སྒྲུབ་པའི་ལུང་བཞི་ཡོད་དོ་ ཞེས་གསུངས་པའི་ཕྱིར།
基础等待时间: 2.5秒
1. 输入文本...
翻译结果稳定，总等待时间: 3.0秒
4. 获取翻译结果...
翻译结果稳定，总等待时间: 3.0秒
4. 获取翻译结果...
翻译成功 (长度: 9 字符)
结果: 倒了秩序就让你倒。
翻译结果仍在变化，继续等待... (已等待0.0秒)
翻译结果稳定，总等待时间: 3.0秒
4. 获取翻译结果...
翻译成功 (长度: 7 字符)
结果: 如在六月进行，
翻译成功 (长度: 7 字符)
结果: 除了我一个人。
翻译结果仍在变化，继续等待... (已等待0.0秒)

翻译尝试 1/3
原文长度: 30 字符
原文: དོན་གོལ་བར་གདའ་ན་བཟོད་པར་བཞེས།
基础等待时间: 1.5秒
1. 输入文本...
翻译结果稳定，总等待时间: 4.0秒
4. 获取翻译结果...
翻译成功 (长度: 10 字符)
结果: 看到几名士兵在等他。
文本输入完成 (长度: 15 字符)
2. 点击翻译按钮...
翻译结果稳定，总等待时间: 4.0秒
4. 获取翻译结果...
翻译成功 (长度: 5 字符)
结果: 我就不去。
文本输入完成 (长度: 45 字符)
2. 点击翻译按钮...
翻译结果仍在变化，继续等待... (已等待0.0秒)
点击成功
3. 等待翻译...
等待翻译: 1.5秒
翻译结果稳定，总等待时间: 3.0秒
4. 获取翻译结果...
翻译成功 (长度: 6 字符)
结果: 六度空中说：
文本输入完成 (长度: 54 字符)
2. 点击翻译按钮...
点击成功
3. 等待翻译...
等待翻译: 2.5秒
文本输入完成 (长度: 30 字符)
2. 点击翻译按钮...
翻译结果稳定，总等待时间: 5.5秒
4. 获取翻译结果...
翻译成功 (长度: 26 字符)
结果: 因为是言语，所以等等逻辑的理由，例如：如同驴子一样。
翻译结果稳定，总等待时间: 5.5秒
4. 获取翻译结果...
点击成功
3. 等待翻译...
等待翻译: 2.5秒
翻译成功 (长度: 23 字符)
结果: 我把它的特点放在心上，因为它总是站在万物之上。
翻译结果稳定，总等待时间: 4.0秒
4. 获取翻译结果...
点击成功
3. 等待翻译...
等待翻译: 1.5秒
翻译成功 (长度: 10 字符)
结果: 这就是说：无常即空。

翻译尝试 1/3
原文长度: 33 字符
原文: ས་ལ་བལྟ་ཞིང་ཅང་མི་སྨྲ་བར་འདུག་གོ།
基础等待时间: 2.5秒
1. 输入文本...
翻译结果仍在变化，继续等待... (已等待0.0秒)

翻译尝试 1/3
原文长度: 21 字符
原文: མོ་ཊ་ད་དུང་སླེབས་མེད།
基础等待时间: 1.5秒
1. 输入文本...
翻译结果稳定，总等待时间: 4.0秒
4. 获取翻译结果...
翻译成功 (长度: 9 字符)
结果: 农夫有些恼怒地说：
文本输入完成 (长度: 33 字符)
2. 点击翻译按钮...

翻译尝试 1/3
原文长度: 27 字符
原文: ཕྱུག་པོའི་བུ་མོ་ཞིག་ཤི་སྟེ།
基础等待时间: 1.5秒
1. 输入文本...
文本输入完成 (长度: 21 字符)
2. 点击翻译按钮...
翻译结果稳定，总等待时间: 4.0秒
4. 获取翻译结果...
翻译成功 (长度: 11 字符)
结果: 南非的犀牛有锋利的角。
点击成功
3. 等待翻译...
等待翻译: 2.5秒
点击成功
3. 等待翻译...
等待翻译: 1.5秒
文本输入完成 (长度: 27 字符)
2. 点击翻译按钮...
翻译结果仍在变化，继续等待... (已等待0.0秒)

翻译尝试 1/3
原文长度: 91 字符
原文预览: དེ་དག་གི་སྒྲའི་སྦྱོར་ཚུལ་ལ་ཁྱད་པར་མེད་ཀྱང་དོན་གྱི་སྦྱོར་ཚུལ་ལ་ཁྱད་པར་ངེས་པར་ཡོད་...
基础等待时间: 4.0秒
1. 输入文本...
点击成功
3. 等待翻译...
等待翻译: 1.5秒
翻译结果仍在变化，继续等待... (已等待0.0秒)

翻译尝试 1/3
原文长度: 25 字符
原文: སྐྱེད་མོས་ཚལ་དག་བྱ་བ་སྟེ།
基础等待时间: 1.5秒
1. 输入文本...

翻译尝试 1/3
原文长度: 76 字符
原文: ད་ཅི་བཀང་ན་ད་མེད་པ་མི་སྲིད་ང་འཁྲུལ་འདུག་བརྟག་པར་བྱ་སྙམ་སྟེ་རྡོ་གཅིག་དེར་བཞག།
基础等待时间: 2.5秒
1. 输入文本...

翻译尝试 1/3
原文长度: 53 字符
原文: འདོད་པ་དག་ལ་མི་གཙང་བའི་སྐྱོན་དུ་ལྟ་བར་ཡང་མི་འགྱུར་རོ།
基础等待时间: 2.5秒
1. 输入文本...
翻译结果稳定，总等待时间: 3.0秒
4. 获取翻译结果...

翻译尝试 1/3
原文长度: 25 字符
原文: འབྲས་བུ་ཐམས་ཅད་ངེས་པར་ནི།
基础等待时间: 1.5秒
1. 输入文本...
翻译成功 (长度: 6 字符)
结果: 情绪很不好。
翻译结果稳定，总等待时间: 4.0秒
4. 获取翻译结果...
翻译成功 (长度: 7 字符)
结果: 正如佛陀所说：
文本输入完成 (长度: 25 字符)
2. 点击翻译按钮...
文本输入完成 (长度: 91 字符)
2. 点击翻译按钮...
点击成功
3. 等待翻译...
等待翻译: 1.5秒
文本输入完成 (长度: 53 字符)
2. 点击翻译按钮...
点击成功
3. 等待翻译...
等待翻译: 4.0秒
文本输入完成 (长度: 76 字符)
2. 点击翻译按钮...
翻译结果仍在变化，继续等待... (已等待0.0秒)
文本输入完成 (长度: 25 字符)
2. 点击翻译按钮...
翻译结果稳定，总等待时间: 3.0秒
4. 获取翻译结果...
翻译成功 (长度: 4 字符)
结果: 回日时？
点击成功
3. 等待翻译...
等待翻译: 2.5秒

翻译尝试 1/3
原文长度: 26 字符
原文: འདི་ཡང་རང་ཉིད་མཐོང་བ་ཆུང་།
基础等待时间: 1.5秒
1. 输入文本...

翻译尝试 1/3
原文长度: 25 字符
原文: གང་ཞིག་དུས་ཀྱི་སྙིགས་མ་ལ།
基础等待时间: 1.5秒
1. 输入文本...
点击成功
3. 等待翻译...
等待翻译: 2.5秒
翻译结果仍在变化，继续等待... (已等待0.0秒)

翻译尝试 1/3
原文长度: 68 字符
原文: དེ་ནས་རིང་ཞིག་ལོན་པན་དྲན་པར་གྱུར་ནས་བདག་གི་རྣམས་ལ་འདི་སྐདཅེས་སྨད་དོ།
基础等待时间: 2.5秒
1. 输入文本...
点击成功
3. 等待翻译...
等待翻译: 1.5秒
翻译结果仍在变化，继续等待... (已等待0.0秒)

翻译尝试 1/3
原文长度: 14 字符
原文: གནའ་དང་པོ་ཙ་ན།
基础等待时间: 1.5秒
1. 输入文本...
翻译结果稳定，总等待时间: 3.0秒
4. 获取翻译结果...
翻译成功 (长度: 7 字符)
结果: 把经文收起来。

翻译尝试 1/3
原文长度: 53 字符
原文: དེས་སོང་ལ་དེ་གཉི་ག་བྱས་ཏེ་ཕྱིར་འོང་ངོ་སྙམ་དུ་བསམས་ནས།
基础等待时间: 2.5秒
1. 输入文本...
文本输入完成 (长度: 26 字符)
2. 点击翻译按钮...
文本输入完成 (长度: 25 字符)
2. 点击翻译按钮...

翻译尝试 1/3
原文长度: 41 字符
原文: དཀྱིལ་འཁོར་ཐམས་ཅད་གཅིག་ལ་རྫོགས་པར་གནས་སོ།
基础等待时间: 2.5秒
1. 输入文本...
点击成功
3. 等待翻译...
等待翻译: 1.5秒
文本输入完成 (长度: 14 字符)
2. 点击翻译按钮...
点击成功
3. 等待翻译...
等待翻译: 1.5秒

翻译尝试 1/3
原文长度: 60 字符
原文: གྲངས་ཅན་དག་ལས་གང་དག་མཁས་པར་རློམ་པ་དག་གིས་འདི་སྐད་ཅེས་ཟེར་ཏེ།
基础等待时间: 2.5秒
1. 输入文本...
文本输入完成 (长度: 68 字符)
2. 点击翻译按钮...

翻译尝试 1/3
原文长度: 53 字符
原文: གཞན་དུན་བཅོམ་ལྡནའདས་ཀྱི་རང་བཞིན་དེ་ལྟ་བུ་ཡིན་མོད་ཀྱི།
基础等待时间: 2.5秒
1. 输入文本...

翻译尝试 1/3
原文长度: 39 字符
原文: འདུས་མ་བྱས་སྟོང་པ་ཉིད་དེ་ལྟར་བསྟན་པ་ནི།
基础等待时间: 2.5秒
1. 输入文本...
点击成功
3. 等待翻译...
等待翻译: 1.5秒
翻译结果仍在变化，继续等待... (已等待0.0秒)
点击成功
3. 等待翻译...
等待翻译: 2.5秒
文本输入完成 (长度: 53 字符)
2. 点击翻译按钮...
文本输入完成 (长度: 41 字符)
2. 点击翻译按钮...
点击成功
3. 等待翻译...
等待翻译: 2.5秒

翻译尝试 1/3
原文长度: 59 字符
原文: སྣམས་བྱེད་འདི་ཉིད་དུ་འདུག་ཤིག་དང་ལྷན་ཅིག་རྒྱལ་སྲིད་གཟུང་ངོ།
基础等待时间: 2.5秒
1. 输入文本...
点击成功
3. 等待翻译...
等待翻译: 2.5秒
翻译结果稳定，总等待时间: 5.5秒
4. 获取翻译结果...
翻译成功 (长度: 22 字符)
结果: 干部的目光不仅仅停留在高层领导的华丽外表上。
文本输入完成 (长度: 39 字符)
2. 点击翻译按钮...
翻译结果仍在变化，继续等待... (已等待0.0秒)
文本输入完成 (长度: 60 字符)
2. 点击翻译按钮...
文本输入完成 (长度: 53 字符)
2. 点击翻译按钮...
翻译结果仍在变化，继续等待... (已等待0.0秒)

翻译尝试 1/3
原文长度: 35 字符
原文: ནུབ་ཏུ་མ་རུ་ཏ་ན་རྣམ་པར་སྣང་མཛད་དང་།
基础等待时间: 2.5秒
1. 输入文本...
翻译结果稳定，总等待时间: 4.0秒
4. 获取翻译结果...
翻译成功 (长度: 12 字符)
结果: 阿达连忙站起来跑了过去。
点击成功
3. 等待翻译...
等待翻译: 2.5秒
点击成功
3. 等待翻译...
等待翻译: 2.5秒
翻译结果仍在变化，继续等待... (已等待0.0秒)
点击成功
3. 等待翻译...
等待翻译: 2.5秒
文本输入完成 (长度: 59 字符)
2. 点击翻译按钮...
文本输入完成 (长度: 35 字符)
2. 点击翻译按钮...
翻译结果仍在变化，继续等待... (已等待0.0秒)
点击成功
3. 等待翻译...
等待翻译: 2.5秒
点击成功
3. 等待翻译...
等待翻译: 2.5秒
翻译结果稳定，总等待时间: 3.0秒
4. 获取翻译结果...
翻译成功 (长度: 4 字符)
结果: 在今后。
翻译结果仍在变化，继续等待... (已等待0.0秒)
翻译结果仍在变化，继续等待... (已等待0.0秒)

翻译尝试 1/3
原文长度: 28 字符
原文: ཁོང་ཁྲོ་ལང་ནས་ཡོང་བ་མི་འདུག།
基础等待时间: 1.5秒
1. 输入文本...
翻译结果稳定，总等待时间: 4.0秒
4. 获取翻译结果...

翻译尝试 1/3
原文长度: 57 字符
原文: གཤེན་རབ་མཆོག་དེ་བཞིན་གཤེགས་པ་དགྲ་བཅོམ་པ་ཡང་དག་པར་རྫོགས་པ།
基础等待时间: 2.5秒
1. 输入文本...
翻译成功 (长度: 15 字符)
结果: 由前缀‘mo’所推崇的动宾词。
翻译结果稳定，总等待时间: 3.0秒
4. 获取翻译结果...
翻译成功 (长度: 6 字符)
结果: 误事当受责。
文本输入完成 (长度: 28 字符)
2. 点击翻译按钮...

翻译尝试 1/3
原文长度: 28 字符
原文: ཙ་ན་དཀའ་སོགས་མཐོང་གྱུར་ཅིང་།
基础等待时间: 1.5秒
1. 输入文本...
翻译结果仍在变化，继续等待... (已等待0.0秒)
翻译结果仍在变化，继续等待... (已等待0.0秒)
点击成功
3. 等待翻译...
等待翻译: 1.5秒
文本输入完成 (长度: 57 字符)
2. 点击翻译按钮...
翻译结果仍在变化，继续等待... (已等待0.0秒)
翻译结果稳定，总等待时间: 3.0秒
4. 获取翻译结果...
点击成功
3. 等待翻译...
等待翻译: 2.5秒
翻译成功 (长度: 6 字符)
结果: 车子还没来。

翻译尝试 1/3
原文长度: 20 字符
原文: ཞེས་པ་དེ་སྡུད་པ་གདའ།
基础等待时间: 1.5秒
1. 输入文本...
文本输入完成 (长度: 28 字符)
2. 点击翻译按钮...
点击成功
3. 等待翻译...
等待翻译: 1.5秒
翻译结果稳定，总等待时间: 3.0秒
4. 获取翻译结果...
翻译成功 (长度: 8 字符)
结果: 一个富家女死了。
翻译结果仍在变化，继续等待... (已等待0.0秒)
文本输入完成 (长度: 20 字符)
2. 点击翻译按钮...
翻译结果稳定，总等待时间: 4.0秒
4. 获取翻译结果...
翻译结果仍在变化，继续等待... (已等待0.0秒)
翻译成功 (长度: 10 字符)
结果: 而有四个要做的方面。
翻译结果稳定，总等待时间: 4.0秒
4. 获取翻译结果...
点击成功
3. 等待翻译...
等待翻译: 1.5秒
翻译成功 (长度: 13 字符)
结果: 四两拨千斤，效果是显著的。

翻译尝试 1/3
原文长度: 70 字符
原文: འདི་ཚོར་ངོ་ཚ་ཟེར་བ་ཞིག་མི་འདུག་ཟླ་ཕོགས་ཀྱིས་ཟ་སྐྱིད་འཐུང་སྐྱིད་བྱས་ཏེ།
基础等待时间: 2.5秒
1. 输入文本...
翻译结果稳定，总等待时间: 3.0秒
4. 获取翻译结果...
翻译成功 (长度: 5 字符)
结果: 各处公园。

翻译尝试 1/3
原文长度: 102 字符
原文预览: ཁང་བའི་ནུབ་ངོས་ཀྱི་དྲེག་པས་ནག་ལོག་གེར་བསྒྱུར་པའི་གྱང་ལྡེབས་ལ་ཐལ་ལྕག་གིས་ཐེངས་ཁ་ཤ...
基础等待时间: 4.0秒
1. 输入文本...
翻译结果仍在变化，继续等待... (已等待0.0秒)
翻译结果稳定，总等待时间: 4.0秒
4. 获取翻译结果...
翻译结果稳定，总等待时间: 3.0秒
4. 获取翻译结果...
翻译成功 (长度: 8 字符)
结果: 默默地看着萨拉。
翻译成功 (长度: 8 字符)
结果: 一切结果必然是。
文本输入完成 (长度: 70 字符)
2. 点击翻译按钮...
翻译结果仍在变化，继续等待... (已等待0.0秒)
翻译结果仍在变化，继续等待... (已等待0.0秒)
点击成功
3. 等待翻译...
等待翻译: 2.5秒

翻译尝试 1/3
原文长度: 31 字符
原文: དབའས་ཕངས་ཏོ་རེ་དབྱི་ཚབ་རྒས་ཏེ།་
基础等待时间: 2.5秒
1. 输入文本...
翻译结果仍在变化，继续等待... (已等待0.0秒)
翻译结果稳定，总等待时间: 3.0秒
4. 获取翻译结果...
翻译结果仍在变化，继续等待... (已等待0.0秒)
文本输入完成 (长度: 102 字符)
2. 点击翻译按钮...
翻译结果稳定，总等待时间: 3.0秒
4. 获取翻译结果...
翻译成功 (长度: 11 字符)
结果: 这也是因为自己见识少。
翻译结果仍在变化，继续等待... (已等待0.0秒)
翻译结果仍在变化，继续等待... (已等待0.0秒)
翻译成功 (长度: 7 字符)
结果: 凡属时运不利。

翻译尝试 1/3
原文长度: 7 字符
原文: དེར་ཐལ།
基础等待时间: 1.5秒
1. 输入文本...
点击成功
3. 等待翻译...
等待翻译: 4.0秒
翻译结果稳定，总等待时间: 3.0秒
4. 获取翻译结果...

翻译尝试 1/3
原文长度: 108 字符
原文预览: འདིའི་ཡང་གོ་རིམ་དངོས་ལྟར་ན་རྗེ་ནཱ་རོ་པ་མཇལ་ཕྱི་བ་ལྟར་སྣང་ཞིང་ལ་ལར་གོ་རིམ་བརྗེས་འ...
基础等待时间: 4.0秒
1. 输入文本...
翻译成功 (长度: 3 字符)
结果: 最早是
文本输入完成 (长度: 31 字符)
2. 点击翻译按钮...
翻译结果仍在变化，继续等待... (已等待0.0秒)
翻译结果仍在变化，继续等待... (已等待0.0秒)
翻译结果仍在变化，继续等待... (已等待0.0秒)
点击成功
3. 等待翻译...
等待翻译: 2.5秒
翻译结果仍在变化，继续等待... (已等待0.0秒)
文本输入完成 (长度: 7 字符)
2. 点击翻译按钮...
点击成功
3. 等待翻译...
等待翻译: 1.5秒
翻译结果稳定，总等待时间: 4.0秒
4. 获取翻译结果...
翻译成功 (长度: 12 字符)
结果: 就不会把欲望看成是污点。
翻译结果稳定，总等待时间: 4.0秒
4. 获取翻译结果...
翻译成功 (长度: 20 字符)
结果: 刚满了又没有了，我纳闷于是放下一块石头。
翻译结果仍在变化，继续等待... (已等待0.0秒)

翻译尝试 1/3
原文长度: 138 字符
原文预览: ཡིན་ན་ཡང་གུང་ཁྲན་གྱི་རྐང་དམག་སྟོང་ཕྲག་མང་པོ་འདུག་ཅིང་དྲེལ་བརྒྱ་ཕྲག་མང་པོར་ཁོ་ཚོའ...
基础等待时间: 4.0秒
1. 输入文本...
文本输入完成 (长度: 108 字符)
2. 点击翻译按钮...
点击成功
3. 等待翻译...
等待翻译: 4.0秒

翻译尝试 1/3
原文长度: 84 字符
原文预览: བུ་མོ་གཞན་ཞིག་གིས་མཐོང་ལ་མཐོང་ནས་ཀྱང་བདག་ལ་ཡང་འདི་ལྟ་བུའི་འབྱོར་པར་འགྱུར་རོ་སྙམ་...
基础等待时间: 4.0秒
1. 输入文本...

翻译尝试 1/3
原文长度: 50 字符
原文: སྤྱིར་ཞེས་གསུངས་པའི་ཚིག་ལ་གོ་རྒྱུ་ཡོད་པའི་ཕྱིར་ཏེ།
基础等待时间: 2.5秒
1. 输入文本...

翻译尝试 1/3
原文长度: 39 字符
原文: ཉན་ཐོས་དག་ལས་རང་རྒྱལ་ཁྱད་པར་འཕགས་པ་ཡང་།
基础等待时间: 2.5秒
1. 输入文本...
翻译结果稳定，总等待时间: 4.0秒
4. 获取翻译结果...
翻译结果仍在变化，继续等待... (已等待0.0秒)
翻译成功 (长度: 22 字符)
结果: 过了好长时间，龙边想起了我的话，骂了我一顿。
文本输入完成 (长度: 138 字符)
2. 点击翻译按钮...
文本输入完成 (长度: 50 字符)
2. 点击翻译按钮...
翻译结果稳定，总等待时间: 4.0秒
4. 获取翻译结果...
点击成功
3. 等待翻译...
等待翻译: 4.0秒
文本输入完成 (长度: 84 字符)
2. 点击翻译按钮...
翻译结果稳定，总等待时间: 4.0秒
4. 获取翻译结果...
翻译成功 (长度: 16 字符)
结果: 它就这样做了，觉得这样就回来了。
文本输入完成 (长度: 39 字符)
2. 点击翻译按钮...

翻译尝试 1/3
原文长度: 28 字符
原文: དུས་ཚིགས་ལས་བྱུང་གསར་ཐོག་གི།
基础等待时间: 1.5秒
1. 输入文本...
翻译成功 (长度: 11 字符)
结果: 所有的坛城都在同一处。
点击成功
3. 等待翻译...
等待翻译: 2.5秒
点击成功
3. 等待翻译...
等待翻译: 4.0秒
点击成功
3. 等待翻译...
等待翻译: 2.5秒
翻译结果稳定，总等待时间: 4.0秒
4. 获取翻译结果...
翻译结果稳定，总等待时间: 4.0秒
4. 获取翻译结果...
翻译成功 (长度: 5 字符)
结果: 如能如此，
翻译成功 (长度: 14 字符)
结果: 而众数家之最有名的学者却说：
翻译结果稳定，总等待时间: 3.0秒
4. 获取翻译结果...
翻译结果稳定，总等待时间: 4.0秒
4. 获取翻译结果...

翻译尝试 1/3
原文长度: 23 字符
原文: སོ་མ་ས་ཱུརྱ་ཨགྣི་ལོ་ཙ་ན།
基础等待时间: 1.5秒
1. 输入文本...

翻译尝试 1/3
原文长度: 28 字符
原文: འགྲུབ་པར་འགྱུར་བ་མ་ཡིན་ཞིང་།
基础等待时间: 1.5秒
1. 输入文本...
翻译成功 (长度: 6 字符)
结果: 发了脾气来。
翻译成功 (长度: 10 字符)
结果: 其它的，虽然是这样。
文本输入完成 (长度: 28 字符)
2. 点击翻译按钮...
点击成功
3. 等待翻译...
等待翻译: 1.5秒
翻译结果稳定，总等待时间: 5.5秒
4. 获取翻译结果...
翻译结果稳定，总等待时间: 4.0秒
4. 获取翻译结果...
翻译结果稳定，总等待时间: 3.0秒
4. 获取翻译结果...
文本输入完成 (长度: 23 字符)
2. 点击翻译按钮...
文本输入完成 (长度: 28 字符)
2. 点击翻译按钮...
翻译成功 (长度: 14 字符)
结果: 语法虽无差别，意义必有差别。
翻译成功 (长度: 4 字符)
结果: 扎那卡索
翻译成功 (长度: 15 字符)
结果: 请在此地坐下，同一位国王共坐。
翻译结果稳定，总等待时间: 4.0秒
4. 获取翻译结果...
翻译成功 (长度: 14 字符)
结果: 西方的马瑞达纳，佛陀和佛陀。

翻译尝试 1/3
原文长度: 27 字符
原文: བརྟགས་ན་ཁྱེད་རང་མི་བདེན་ནོ།
基础等待时间: 1.5秒
1. 输入文本...
翻译结果仍在变化，继续等待... (已等待0.0秒)

翻译尝试 1/3
原文长度: 37 字符
原文: གཡུང་ལི་པེ་ཅོ་འདུག་གཡུང་ལི་པེ་ཅོ་འདས།
基础等待时间: 2.5秒
1. 输入文本...
点击成功
3. 等待翻译...
等待翻译: 1.5秒
点击成功
3. 等待翻译...
等待翻译: 1.5秒

翻译尝试 1/3
原文长度: 8 字符
原文: ལོས་ཡིན།
基础等待时间: 1.5秒
1. 输入文本...
翻译结果稳定，总等待时间: 3.0秒
4. 获取翻译结果...
翻译成功 (长度: 8 字符)
结果: 合“为”合“为”
文本输入完成 (长度: 27 字符)
2. 点击翻译按钮...
文本输入完成 (长度: 37 字符)
2. 点击翻译按钮...
翻译结果仍在变化，继续等待... (已等待0.0秒)
文本输入完成 (长度: 8 字符)
2. 点击翻译按钮...
点击成功
3. 等待翻译...
等待翻译: 1.5秒
点击成功
3. 等待翻译...
等待翻译: 2.5秒

翻译尝试 1/3
原文长度: 29 字符
原文: ཆགས་ཅན་སྡུག་བསྔལ་ལྡན་པར་སྣང་།
基础等待时间: 1.5秒
1. 输入文本...
点击成功
3. 等待翻译...
等待翻译: 1.5秒

翻译尝试 1/3
原文长度: 53 字符
原文: འདི་འདྲ་མི་སྲིད་ང་འཁྲུལ་འདུག་འོན་ཀྱང་བརྟག་པར་སྙམ་སྟེ།
基础等待时间: 2.5秒
1. 输入文本...
翻译结果稳定，总等待时间: 4.0秒
4. 获取翻译结果...
翻译成功 (长度: 9 字符)
结果: 如来佛，如来菩萨。
文本输入完成 (长度: 29 字符)
2. 点击翻译按钮...
翻译结果仍在变化，继续等待... (已等待0.0秒)
点击成功
3. 等待翻译...
等待翻译: 1.5秒
文本输入完成 (长度: 53 字符)
2. 点击翻译按钮...
点击成功
3. 等待翻译...
等待翻译: 2.5秒

翻译尝试 1/3
原文长度: 68 字符
原文: རུས་པ་ལ་ཐལ་བའི་སྡུག་བསྔལ་མྱོང་བར་གྱུར་པ་འདི་ལ་མི་འགྱོདདམ་ཞེས་སྨྲས་ན།
基础等待时间: 2.5秒
1. 输入文本...
翻译结果仍在变化，继续等待... (已等待0.0秒)

翻译尝试 1/3
原文长度: 50 字符
原文: མཚན་བཟངས་སོང་སྟེ་གཉི་ག་བྱས་ནས་ཕྱིར་འོངས་ཏེ་སྨྲས་པ།
基础等待时间: 2.5秒
1. 输入文本...

翻译尝试 1/3
原文长度: 177 字符
原文预览: ཞེས་རིགས་ལྔ་ཡབ་ཡུམ་གྱི་ཚོམ་བུའི་སྣང་བ་དེ་ནི་རིམ་གྱིས་སྨིན་པ་འབྲས་ཀྱི་ལྗང་བུ་ལྟར་...
基础等待时间: 6.0秒
1. 输入文本...

翻译尝试 1/3
原文长度: 38 字符
原文: ཡང་དག་པར་སྤོང་བ་རྣམས་དེ་ལྟར་བསྟན་པ་ནི།
基础等待时间: 2.5秒
1. 输入文本...
翻译结果仍在变化，继续等待... (已等待0.0秒)
翻译结果仍在变化，继续等待... (已等待0.0秒)

翻译尝试 1/3
原文长度: 86 字符
原文预览: ཤེས་པ་ཡོད་པ་ཉིད་མ་ཡིན་པའི་ཕྱིར་ཞེས་བྱ་བ་ལ་སོགས་པའི་གཏན་ཚིགས་དག་གིས་རྣམ་པར་ཤེས་པར...
基础等待时间: 4.0秒
1. 输入文本...
文本输入完成 (长度: 68 字符)
2. 点击翻译按钮...
翻译结果稳定，总等待时间: 3.0秒
4. 获取翻译结果...

翻译尝试 1/3
原文长度: 18 字符
原文: ཨ་ར་ཨ་ན་ཨ་ཙི་གསུམ།
基础等待时间: 1.5秒
1. 输入文本...

翻译尝试 1/3
原文长度: 76 字符
原文: མདུན་གྱི་ནམ་མཁའ་ལ་རང་གི་ཡིད་ལ་རང་གི་ཡིད་ལས་སྤྲུལ་བའི་རིན་བོཆེའི་རང་བཞན་གྱིས།
基础等待时间: 2.5秒
1. 输入文本...
翻译成功 (长度: 5 字符)
结果: 差不多了。
文本输入完成 (长度: 50 字符)
2. 点击翻译按钮...
点击成功
3. 等待翻译...
等待翻译: 2.5秒
点击成功
3. 等待翻译...
等待翻译: 2.5秒
文本输入完成 (长度: 38 字符)
2. 点击翻译按钮...
文本输入完成 (长度: 18 字符)
2. 点击翻译按钮...

翻译尝试 1/3
原文长度: 76 字符
原文: ཚིག་ཕྲད་ཐོག་མར་བྱུང་བའི་དུས་སུ་མིང་སྔ་མའི་རྗེས་འཇུག་གི་སྒྲ་རིང་དུ་བསྲིངས་ཏེ།
基础等待时间: 2.5秒
1. 输入文本...

翻译尝试 1/3
原文长度: 26 字符
原文: སྐྱིད་ལེ་ཞེ་ལ་མི་དྲན་འདུག།
基础等待时间: 1.5秒
1. 输入文本...

翻译尝试 1/3
原文长度: 24 字符
原文: དེ་ཅང་མི་ཟེར་བར་འདུག་གོ།
基础等待时间: 1.5秒
1. 输入文本...
翻译结果稳定，总等待时间: 4.0秒
4. 获取翻译结果...
翻译结果仍在变化，继续等待... (已等待0.0秒)

翻译尝试 1/3
原文长度: 28 字符
原文: ཕྱག་རྒྱ་ལྔ་ཡིས་རྣམ་པར་བརྒྱན།
基础等待时间: 1.5秒
1. 输入文本...
翻译结果仍在变化，继续等待... (已等待0.0秒)
翻译成功 (长度: 16 字符)
结果: 这没什么丢人的，工资养得很舒服。
点击成功
3. 等待翻译...
等待翻译: 2.5秒
点击成功
3. 等待翻译...
等待翻译: 1.5秒
文本输入完成 (长度: 86 字符)
2. 点击翻译按钮...
翻译结果仍在变化，继续等待... (已等待0.0秒)
文本输入完成 (长度: 76 字符)
2. 点击翻译按钮...
翻译结果仍在变化，继续等待... (已等待0.0秒)
文本输入完成 (长度: 177 字符)
2. 点击翻译按钮...
翻译结果仍在变化，继续等待... (已等待0.0秒)
点击成功
3. 等待翻译...
等待翻译: 4.0秒
点击成功
3. 等待翻译...
等待翻译: 2.5秒

翻译尝试 1/3
原文长度: 69 字符
原文: ཞེས་པ་དེ་སྡུད་པར་ག་ཀུ་། གདའ་སྒྱུ་མ་ཞེས་པས་རྟོགས་པའི་རིག་པ་སྒྱུ་མ་ཉིད།
基础等待时间: 2.5秒
1. 输入文本...
点击成功
3. 等待翻译...
等待翻译: 6.0秒
文本输入完成 (长度: 26 字符)
2. 点击翻译按钮...
文本输入完成 (长度: 24 字符)
2. 点击翻译按钮...
文本输入完成 (长度: 28 字符)
2. 点击翻译按钮...
文本输入完成 (长度: 76 字符)
2. 点击翻译按钮...
点击成功
3. 等待翻译...
等待翻译: 1.5秒
点击成功
3. 等待翻译...
等待翻译: 1.5秒
点击成功
3. 等待翻译...
等待翻译: 1.5秒
翻译结果稳定，总等待时间: 4.0秒
4. 获取翻译结果...
翻译结果仍在变化，继续等待... (已等待0.0秒)
点击成功
3. 等待翻译...
等待翻译: 2.5秒
翻译成功 (长度: 9 字符)
结果: 汪盛尕道日西代老。
文本输入完成 (长度: 69 字符)
2. 点击翻译按钮...

翻译尝试 1/3
原文长度: 57 字符
原文: གཤེན་རབ་མཆོག་དེ་བཞིན་གཤེགས་པ་དགྲ་བཅོམ་པ་ཡང་དག་པར་རྫོགས་པ།
基础等待时间: 2.5秒
1. 输入文本...
点击成功
3. 等待翻译...
等待翻译: 2.5秒
翻译结果仍在变化，继续等待... (已等待0.0秒)
翻译结果稳定，总等待时间: 3.0秒
4. 获取翻译结果...
翻译成功 (长度: 8 字符)
结果: 季节的新鲜事物。
翻译结果仍在变化，继续等待... (已等待0.0秒)
翻译结果稳定，总等待时间: 3.0秒
4. 获取翻译结果...
翻译结果稳定，总等待时间: 3.0秒
4. 获取翻译结果...
文本输入完成 (长度: 57 字符)
2. 点击翻译按钮...
翻译成功 (长度: 7 字符)
结果: 不致使它完成。
翻译成功 (长度: 5 字符)
结果: 紫色大麻。
点击成功
3. 等待翻译...
等待翻译: 2.5秒
翻译结果仍在变化，继续等待... (已等待0.0秒)
翻译结果仍在变化，继续等待... (已等待0.0秒)
翻译结果稳定，总等待时间: 4.0秒
4. 获取翻译结果...
翻译结果稳定，总等待时间: 3.0秒
4. 获取翻译结果...
翻译结果仍在变化，继续等待... (已等待0.0秒)
翻译成功 (长度: 10 字符)
结果: 一般地说是有意义的。
翻译成功 (长度: 7 字符)
结果: 看来你不真实。
翻译结果仍在变化，继续等待... (已等待0.0秒)

翻译尝试 1/3
原文长度: 7 字符
原文: དེར་ཐལ།
基础等待时间: 1.5秒
1. 输入文本...
翻译结果稳定，总等待时间: 4.0秒
4. 获取翻译结果...
翻译结果稳定，总等待时间: 3.0秒
4. 获取翻译结果...
翻译成功 (长度: 10 字符)
结果: 闻过者，吾国之特也。
翻译成功 (长度: 3 字符)
结果: 当然。
翻译结果稳定，总等待时间: 5.5秒
4. 获取翻译结果...
翻译成功 (长度: 28 字符)
结果: 房子西面被灰尘弄得乌黑的墙壁，几下了巴掌，说这儿是那儿。
翻译结果仍在变化，继续等待... (已等待0.0秒)
翻译结果仍在变化，继续等待... (已等待0.0秒)
翻译结果仍在变化，继续等待... (已等待0.0秒)
文本输入完成 (长度: 7 字符)
2. 点击翻译按钮...

翻译尝试 1/3
原文长度: 136 字符
原文预览: ཁོ་ཡོད་སའི་ཆང་ཁང་དེའི་ནམ་མཁར་ཟླ་བ་ཤར་འདུག་རྒྱུ་སྐར་གྲངས་མེད་འདར་བའི་ཚུལ་གྱིས་འཚེ...
基础等待时间: 4.0秒
1. 输入文本...
点击成功
3. 等待翻译...
等待翻译: 1.5秒
翻译结果稳定，总等待时间: 3.0秒
4. 获取翻译结果...
翻译成功 (长度: 7 字符)
结果: 性欲是痛苦的。
翻译结果仍在变化，继续等待... (已等待0.0秒)
翻译结果仍在变化，继续等待... (已等待0.0秒)
翻译结果稳定，总等待时间: 5.5秒
4. 获取翻译结果...
翻译成功 (长度: 34 字符)
结果: 这也许是按照实际的次序来看的，圣经中交替的次序有些人则是自作主张的。

翻译尝试 1/3
原文长度: 23 字符
原文: ཕངས་ཏོ་རེ་དབྱི་ཚབ་གྱིས།
基础等待时间: 1.5秒
1. 输入文本...
文本输入完成 (长度: 136 字符)
2. 点击翻译按钮...
翻译结果仍在变化，继续等待... (已等待0.0秒)
翻译结果稳定，总等待时间: 4.0秒
4. 获取翻译结果...
翻译成功 (长度: 6 字符)
结果: 袁丽贝娇逝了
点击成功
3. 等待翻译...
等待翻译: 4.0秒
翻译结果仍在变化，继续等待... (已等待0.0秒)
文本输入完成 (长度: 23 字符)
2. 点击翻译按钮...
点击成功
3. 等待翻译...
等待翻译: 1.5秒
翻译结果稳定，总等待时间: 5.5秒
4. 获取翻译结果...

翻译尝试 1/3
原文长度: 27 字符
原文: གྲོག་མའི་ཚང་གི་སྒོ་རྣམས་སུ།
基础等待时间: 1.5秒
1. 输入文本...
翻译成功 (长度: 30 字符)
结果: 可是共产的步兵有千百人，百百匹骡子挂着他们的器械，很吸引人。
翻译结果仍在变化，继续等待... (已等待0.0秒)
翻译结果稳定，总等待时间: 5.5秒
4. 获取翻译结果...
翻译成功 (长度: 24 字符)
结果: 另一个姑娘看见了，她也想象自己也能有这样的富裕。
翻译结果稳定，总等待时间: 3.0秒
4. 获取翻译结果...
翻译成功 (长度: 9 字符)
结果: 阿热阿纳阿孜三人。

翻译尝试 1/3
原文长度: 26 字符
原文: གྲུབ་པ་ངེས་པར་མཐར་འགྱུར་ན།
基础等待时间: 1.5秒
1. 输入文本...

翻译尝试 1/3
原文长度: 41 字符
原文: སོ་མ་ས་ཱུརྱ་ཨགྣི་ལོ་ཙ་ནཱ་ཡ་ཧ་ཱུཾ་ཕཊ་སྭཱ་ཧཱ།
基础等待时间: 2.5秒
1. 输入文本...
翻译结果稳定，总等待时间: 4.0秒
4. 获取翻译结果...
翻译成功 (长度: 21 字符)
结果: 不可能这样。我一定是错了。但我想再查一查。
文本输入完成 (长度: 27 字符)
2. 点击翻译按钮...
翻译结果仍在变化，继续等待... (已等待0.0秒)
点击成功
3. 等待翻译...
等待翻译: 1.5秒
翻译结果稳定，总等待时间: 3.0秒
4. 获取翻译结果...
翻译结果稳定，总等待时间: 3.0秒
4. 获取翻译结果...
文本输入完成 (长度: 26 字符)
2. 点击翻译按钮...
翻译结果稳定，总等待时间: 3.0秒
4. 获取翻译结果...
文本输入完成 (长度: 41 字符)
2. 点击翻译按钮...
翻译成功 (长度: 5 字符)
结果: 不说什么。
翻译成功 (长度: 11 字符)
结果: 吉丽西拉有点想不起来。
翻译成功 (长度: 7 字符)
结果: 装饰五个手印。

翻译尝试 1/3
原文长度: 30 字符
原文: བློ་གྲོས་ཅན་གྱིས་བརྟག་པར་བྱའོ།
基础等待时间: 1.5秒
1. 输入文本...

翻译尝试 1/3
原文长度: 25 字符
原文: རྫོགས་ཆེན་བཀགས་པ་མི་གདའོ།
基础等待时间: 1.5秒
1. 输入文本...
翻译结果仍在变化，继续等待... (已等待0.0秒)
点击成功
3. 等待翻译...
等待翻译: 1.5秒
点击成功
3. 等待翻译...
等待翻译: 2.5秒

翻译尝试 1/3
原文长度: 38 字符
原文: འགྲོ་དོན་ཤས་ཙམ་མཛད་པ་སྤྱོད་པས་ཁྱད་པར་༴
基础等待时间: 2.5秒
1. 输入文本...

翻译尝试 1/3
原文长度: 43 字符
原文: བདག་ལ་ནང་འཇམ་ཡེ་ནས་མི་འདུག་གོ་ཞེས་བརྗོད་དོ།
基础等待时间: 2.5秒
1. 输入文本...

翻译尝试 1/3
原文长度: 72 字符
原文: ཟུང་ཟླ་བས་ནག་ལོག་གེར་གནས་པའི་གྱང་ལྡེབས་སུ་ལག་ཟུང་གིས་ག་ལེར་རེག་རེག་བྱེད།
基础等待时间: 2.5秒
1. 输入文本...
翻译结果仍在变化，继续等待... (已等待0.0秒)
翻译结果稳定，总等待时间: 4.0秒
4. 获取翻译结果...
翻译成功 (长度: 16 字符)
结果: 受骨灰之苦，这难道不应该悔恨吗？
文本输入完成 (长度: 30 字符)
2. 点击翻译按钮...
文本输入完成 (长度: 25 字符)
2. 点击翻译按钮...
翻译结果稳定，总等待时间: 4.0秒
4. 获取翻译结果...
翻译成功 (长度: 11 字符)
结果: 夜色过去，醒来回家了。
文本输入完成 (长度: 38 字符)
2. 点击翻译按钮...
文本输入完成 (长度: 43 字符)
2. 点击翻译按钮...
点击成功
3. 等待翻译...
等待翻译: 1.5秒
点击成功
3. 等待翻译...
等待翻译: 1.5秒
点击成功
3. 等待翻译...
等待翻译: 2.5秒

翻译尝试 1/3
原文长度: 170 字符
原文预览: འདོད་པ་དག་ལས་ཆགས་པ་དང་བྲལ་བ་གང་དག་ཡིན་པ་དེ་དག་ལ་འདོད་ཆགས་ཅན་རྣམས་མཛེ་ཅན་ལྟར་སྡུག...
基础等待时间: 6.0秒
1. 输入文本...
点击成功
3. 等待翻译...
等待翻译: 2.5秒
翻译结果稳定，总等待时间: 4.0秒
4. 获取翻译结果...
翻译成功 (长度: 8 字符)
结果: 而正确的应该是：
文本输入完成 (长度: 72 字符)
2. 点击翻译按钮...
翻译结果仍在变化，继续等待... (已等待0.0秒)
点击成功
3. 等待翻译...
等待翻译: 2.5秒
翻译结果稳定，总等待时间: 4.0秒
4. 获取翻译结果...
翻译成功 (长度: 18 字符)
结果: 自己想象的天空中，自己想象的宝石中。

翻译尝试 1/3
原文长度: 36 字符
原文: ཀློག་སྐྱ་སྟོན་ཆེན་དེ་སྐུ་གཤེགས་འདུག།
基础等待时间: 2.5秒
1. 输入文本...
翻译结果仍在变化，继续等待... (已等待0.0秒)

翻译尝试 1/3
原文长度: 27 字符
原文: བཀུག་ལ་རང་རང་གསང་སྔགས་ཀྱིས།
基础等待时间: 1.5秒
1. 输入文本...
翻译结果稳定，总等待时间: 4.0秒
4. 获取翻译结果...
翻译成功 (长度: 14 字符)
结果: 冠词出现时前加前加词长尾音。
文本输入完成 (长度: 36 字符)
2. 点击翻译按钮...
文本输入完成 (长度: 170 字符)
2. 点击翻译按钮...
点击成功
3. 等待翻译...
等待翻译: 2.5秒
翻译结果稳定，总等待时间: 4.0秒
4. 获取翻译结果...
文本输入完成 (长度: 27 字符)
2. 点击翻译按钮...
翻译成功 (长度: 14 字符)
结果: “虚空”是指外空，外层空间。
翻译结果仍在变化，继续等待... (已等待0.0秒)
点击成功
3. 等待翻译...
等待翻译: 6.0秒

翻译尝试 1/3
原文长度: 80 字符
原文: ངའི་བསམ་ཚུལ་ལ་ཁོ་ཚོའི་ཁ་གྲངས་མང་པོ་དེ་ང་ཚོ་ལ་ཡིད་འགུག་ཐེབས་རྒྱུའི་ཆེད་ཡིན་པ་རེད།
基础等待时间: 2.5秒
1. 输入文本...
点击成功
3. 等待翻译...
等待翻译: 1.5秒

翻译尝试 1/3
原文长度: 51 字符
原文: ཇི་ལྟར་བཟོ་སློབ་པ་འཇིག་རྟེན་ཐམས་ཅད་ཀྱི་ཐུན་མོང་སྟེ།
基础等待时间: 2.5秒
1. 输入文本...
翻译结果仍在变化，继续等待... (已等待0.0秒)
翻译结果稳定，总等待时间: 3.0秒
4. 获取翻译结果...

翻译尝试 1/3
原文长度: 20 字符
原文: ལེན་ལོང་མི་འདུག་སྟེ།
基础等待时间: 1.5秒
1. 输入文本...
翻译成功 (长度: 5 字符)
结果: 差不多了。

翻译尝试 1/3
原文长度: 43 字符
原文: ཡང་གངྒཱ་ལ་བཏུང་ངོ་སྙམ་པས་དེ་ཡང་སྐམ་ནས་འདུག།
基础等待时间: 2.5秒
1. 输入文本...
翻译结果稳定，总等待时间: 4.0秒
4. 获取翻译结果...
文本输入完成 (长度: 80 字符)
2. 点击翻译按钮...
翻译成功 (长度: 8 字符)
结果: 如来神，如来佛。
文本输入完成 (长度: 20 字符)
2. 点击翻译按钮...

翻译尝试 1/3
原文长度: 24 字符
原文: དེ་ཅང་མི་ཟེར་བར་འདུག་གོ།
基础等待时间: 1.5秒
1. 输入文本...

翻译尝试 1/3
原文长度: 26 字符
原文: རྒས་དུས་མིན་པ་མི་དྲན་འདུག།
基础等待时间: 1.5秒
1. 输入文本...

翻译尝试 1/3
原文长度: 28 字符
原文: ཐམས་ཅད་ཡི་དགས་སྟེང་དུ་བཞུགས།
基础等待时间: 1.5秒
1. 输入文本...
文本输入完成 (长度: 51 字符)
2. 点击翻译按钮...
翻译结果仍在变化，继续等待... (已等待0.0秒)
翻译结果仍在变化，继续等待... (已等待0.0秒)
点击成功
3. 等待翻译...
等待翻译: 2.5秒
文本输入完成 (长度: 43 字符)
2. 点击翻译按钮...
点击成功
3. 等待翻译...
等待翻译: 1.5秒
点击成功
3. 等待翻译...
等待翻译: 2.5秒
点击成功
3. 等待翻译...
等待翻译: 2.5秒
翻译结果稳定，总等待时间: 5.5秒
4. 获取翻译结果...
翻译成功 (长度: 18 字符)
结果: 因为存在而不是存在的原因等等的逻辑。
文本输入完成 (长度: 24 字符)
2. 点击翻译按钮...
文本输入完成 (长度: 26 字符)
2. 点击翻译按钮...
文本输入完成 (长度: 28 字符)
2. 点击翻译按钮...

翻译尝试 1/3
原文长度: 68 字符
原文: དེའི་ཚེ་ན་ཚངས་པའི་རྒྱལ་པོས་དེ་བཞིན་གཤེགས་པའི་སྤྱན་སྔར་ཐལ་མོ་སྦྱར་ཏེ།
基础等待时间: 2.5秒
1. 输入文本...

翻译尝试 1/3
原文长度: 91 字符
原文预览: ཚེ་དང་ལྡན་པ་ནོར་གྱིས་བྱིན་ཁོ་བོས་ཁྱོད་ཀྱི་དགོས་པ་དེ་བསྒྲུབས་ཀྱིས་ལྷུང་བཟེད་ཆུང་ང...
基础等待时间: 4.0秒
1. 输入文本...
点击成功
3. 等待翻译...
等待翻译: 1.5秒
点击成功
3. 等待翻译...
等待翻译: 1.5秒
点击成功
3. 等待翻译...
等待翻译: 1.5秒
翻译结果稳定，总等待时间: 3.0秒
4. 获取翻译结果...
翻译成功 (长度: 11 字符)
结果: 请替我找一下庞多瑞伊。

翻译尝试 1/3
原文长度: 53 字符
原文: གཟུགས་མྱེད་པའི་སྙོམས་པར་འཇུག་པ་རྣམས་དེ་ལྟར་བསྟན་པ་ནི།
基础等待时间: 2.5秒
1. 输入文本...
翻译结果仍在变化，继续等待... (已等待0.0秒)
翻译结果仍在变化，继续等待... (已等待0.0秒)
文本输入完成 (长度: 68 字符)
2. 点击翻译按钮...

翻译尝试 1/3
原文长度: 55 字符
原文: དེ་བཞིནགཤགས་བཉག་གཅིག་གི་ཡོན་ཏན་དེ་དག་ཐུན་མོང་མ་ཡིན་པའོ།
基础等待时间: 2.5秒
1. 输入文本...
文本输入完成 (长度: 91 字符)
2. 点击翻译按钮...
点击成功
3. 等待翻译...
等待翻译: 2.5秒
翻译结果稳定，总等待时间: 3.0秒
4. 获取翻译结果...
点击成功
3. 等待翻译...
等待翻译: 4.0秒
翻译成功 (长度: 8 字符)
结果: 在它们的巢门上。
翻译结果仍在变化，继续等待... (已等待0.0秒)
文本输入完成 (长度: 53 字符)
2. 点击翻译按钮...
翻译结果仍在变化，继续等待... (已等待0.0秒)

翻译尝试 1/3
原文长度: 75 字符
原文: ནས་ལས་གཉིས་ཀྱང་དེ་བཞིན་རྗེས་འཇུག་གིས་ཚོད་འཛིན་མེད་པའི་ཚིག་ཕྲད་དུ་གྲུབ་པ་ནི།
基础等待时间: 2.5秒
1. 输入文本...
翻译结果仍在变化，继续等待... (已等待0.0秒)
点击成功
3. 等待翻译...
等待翻译: 2.5秒
翻译结果仍在变化，继续等待... (已等待0.0秒)
翻译结果稳定，总等待时间: 3.0秒
4. 获取翻译结果...
文本输入完成 (长度: 55 字符)
2. 点击翻译按钮...
翻译成功 (长度: 7 字符)
结果: 构造必须极化。
翻译结果仍在变化，继续等待... (已等待0.0秒)
点击成功
3. 等待翻译...
等待翻译: 2.5秒

翻译尝试 1/3
原文长度: 21 字符
原文: ཞེས་པ་དེ་སྡུད་པར་གདའ།
基础等待时间: 1.5秒
1. 输入文本...
文本输入完成 (长度: 75 字符)
2. 点击翻译按钮...
翻译结果稳定，总等待时间: 3.0秒
4. 获取翻译结果...
翻译结果稳定，总等待时间: 3.0秒
4. 获取翻译结果...
翻译结果仍在变化，继续等待... (已等待0.0秒)
翻译成功 (长度: 10 字符)
结果: 明智的人，应该观察。
翻译成功 (长度: 7 字符)
结果: 没有阻止大劫。

翻译尝试 1/3
原文长度: 7 字符
原文: དེར་ཐལ།
基础等待时间: 1.5秒
1. 输入文本...
点击成功
3. 等待翻译...
等待翻译: 2.5秒
文本输入完成 (长度: 21 字符)
2. 点击翻译按钮...
点击成功
3. 等待翻译...
等待翻译: 1.5秒
翻译结果仍在变化，继续等待... (已等待0.0秒)

翻译尝试 1/3
原文长度: 57 字符
原文: གཤེན་རབ་མཆོག་དེ་བཞིན་གཤེགས་པ་དགྲ་བཅོམ་པ་ཡང་དག་པར་རྫོགས་པ།
基础等待时间: 2.5秒
1. 输入文本...
文本输入完成 (长度: 7 字符)
2. 点击翻译按钮...
翻译结果仍在变化，继续等待... (已等待0.0秒)
翻译结果仍在变化，继续等待... (已等待0.0秒)
翻译结果仍在变化，继续等待... (已等待0.0秒)
点击成功
3. 等待翻译...
等待翻译: 1.5秒
翻译结果稳定，总等待时间: 4.0秒
4. 获取翻译结果...
翻译成功 (长度: 8 字符)
结果: 大地之母，亚哈！

翻译尝试 1/3
原文长度: 48 字符
原文: ཡང་ན་འདས་པའི་མིག་གི་རྣམ་པར་ཤེས་པའི་སྐད་ཅིག་མ་ལས།
基础等待时间: 2.5秒
1. 输入文本...
文本输入完成 (长度: 57 字符)
2. 点击翻译按钮...
翻译结果稳定，总等待时间: 7.5秒
4. 获取翻译结果...
翻译成功 (长度: 72 字符)
结果: 五种父母的群体的感受，像熟熟的稻种，渐渐成熟，第一个晚上显现为观世音菩萨，第二个晚上，第三个晚上，第四个晚上，第五个晚上，显现为五种父母的形象。
点击成功
3. 等待翻译...
等待翻译: 2.5秒

翻译尝试 1/3
原文长度: 35 字符
原文: པྲྀན་སྙ་དོ་རེ་གཙུག་བློན་ལས་གསོལ་ཏེ།
基础等待时间: 2.5秒
1. 输入文本...
翻译结果仍在变化，继续等待... (已等待0.0秒)
文本输入完成 (长度: 48 字符)
2. 点击翻译按钮...
翻译结果稳定，总等待时间: 3.0秒
4. 获取翻译结果...
翻译成功 (长度: 5 字符)
结果: 以诸咒语。
翻译结果仍在变化，继续等待... (已等待0.0秒)
翻译结果仍在变化，继续等待... (已等待0.0秒)
翻译结果稳定，总等待时间: 4.0秒
4. 获取翻译结果...
翻译结果稳定，总等待时间: 4.0秒
4. 获取翻译结果...
翻译成功 (长度: 11 字符)
结果: 行为举止稍微有些出格。
翻译成功 (长度: 9 字符)
结果: 我说：我没有衫子。
点击成功
3. 等待翻译...
等待翻译: 2.5秒
翻译结果稳定，总等待时间: 5.5秒
4. 获取翻译结果...
翻译成功 (长度: 33 字符)
结果: 他所在的酒吧天空中满是闪烁的星星，好像是嘲笑他，也好像是为他哭泣。
文本输入完成 (长度: 35 字符)
2. 点击翻译按钮...
翻译结果稳定，总等待时间: 4.0秒
4. 获取翻译结果...
翻译成功 (长度: 18 字符)
结果: 松达在黑漆漆的墙上用手轻轻地摸了摸。
点击成功
3. 等待翻译...
等待翻译: 2.5秒

翻译尝试 1/3
原文长度: 26 字符
原文: སྒོ་ནས་ཡོངས་སུ་ཉོན་མོངས་པ།
基础等待时间: 1.5秒
1. 输入文本...
翻译结果稳定，总等待时间: 3.0秒
4. 获取翻译结果...
翻译成功 (长度: 4 字符)
结果: 没法接。

翻译尝试 1/3
原文长度: 51 字符
原文: འདི་ན་བརྩམས་པའི་འབྲས་བུ་ཐམས་ཅད་ནི་ངེས་པར་འགྲུབ་པའམ།
基础等待时间: 2.5秒
1. 输入文本...
文本输入完成 (长度: 26 字符)
2. 点击翻译按钮...
翻译结果仍在变化，继续等待... (已等待0.0秒)
翻译结果仍在变化，继续等待... (已等待0.0秒)
点击成功
3. 等待翻译...
等待翻译: 1.5秒
翻译结果稳定，总等待时间: 4.0秒
4. 获取翻译结果...
翻译成功 (长度: 10 字符)
结果: 那个大阅兵已经过了。
翻译结果稳定，总等待时间: 3.0秒
4. 获取翻译结果...
翻译结果稳定，总等待时间: 3.0秒
4. 获取翻译结果...
翻译结果稳定，总等待时间: 3.0秒
4. 获取翻译结果...
翻译成功 (长度: 8 字符)
结果: 老了就不想干了。
翻译成功 (长度: 8 字符)
结果: 那倒也不算什么。
翻译成功 (长度: 8 字符)
结果: 一切都在天堂里。
翻译结果仍在变化，继续等待... (已等待0.0秒)

翻译尝试 1/3
原文长度: 35 字符
原文: དེང་སང་པར་སྐྲུན་བྱས་པའི་པར་མ་ཁག་ལས།
基础等待时间: 2.5秒
1. 输入文本...

翻译尝试 1/3
原文长度: 70 字符
原文: ཚིགས་སུ་བཅད་པ་དེ་དག་ཁྱེད་རང་བསྟན་བཅོས་དང་བཅས་པའི་ཐོག་ཏུ་བབས་པར་སྣང་ངོ།
基础等待时间: 2.5秒
1. 输入文本...
文本输入完成 (长度: 51 字符)
2. 点击翻译按钮...
翻译结果仍在变化，继续等待... (已等待0.0秒)
点击成功
3. 等待翻译...
等待翻译: 2.5秒
翻译结果仍在变化，继续等待... (已等待0.0秒)
文本输入完成 (长度: 35 字符)
2. 点击翻译按钮...
文本输入完成 (长度: 70 字符)
2. 点击翻译按钮...
点击成功
3. 等待翻译...
等待翻译: 2.5秒
翻译结果稳定，总等待时间: 4.0秒
4. 获取翻译结果...
翻译成功 (长度: 18 字符)
结果: 我认为他们的大量的数量是为了吸引我们
翻译结果仍在变化，继续等待... (已等待0.0秒)
点击成功
3. 等待翻译...
等待翻译: 2.5秒

翻译尝试 1/3
原文长度: 28 字符
原文: སྦྱིན་སྲེག་དུས་སུ་འབད་པ་ཡིས།
基础等待时间: 1.5秒
1. 输入文本...
翻译结果稳定，总等待时间: 4.0秒
4. 获取翻译结果...
翻译结果稳定，总等待时间: 4.0秒
4. 获取翻译结果...
翻译成功 (长度: 16 字符)
结果: 如何使工学成为一切世界的共同的。
翻译成功 (长度: 12 字符)
结果: 想喝点水，河水又干涸了。

翻译尝试 1/3
原文长度: 38 字符
原文: ཡུམ་དང་བཅས་པ་གཙོ་བོར་བཞུགས་པའི་ལྔ་ཚོམ།
基础等待时间: 2.5秒
1. 输入文本...
文本输入完成 (长度: 28 字符)
2. 点击翻译按钮...

翻译尝试 1/3
原文长度: 60 字符
原文: བྲམ་ཟེའི་རིགས་ལྟར་དྲི་ཅན་ཟས་དང་འགྲོ་མགྱོགས་ཤ་ལས་རིང་དུ་འདུག།
基础等待时间: 2.5秒
1. 输入文本...
文本输入完成 (长度: 38 字符)
2. 点击翻译按钮...
点击成功
3. 等待翻译...
等待翻译: 1.5秒

翻译尝试 1/3
原文长度: 43 字符
原文: རང་རྒྱལ་ལས་བྱང་སེམས་རྣམས་ཁྱད་པར་འཕགས་པ་ཡང་།
基础等待时间: 2.5秒
1. 输入文本...

翻译尝试 1/3
原文长度: 67 字符
原文: ཕྱུག་པོར་མཁོ་བའི་དངོས་པོ་དེ་གཉིས་འཇིག་རྟེན་འདི་རུ་ཡེ་ནས་མི་འདུག་པས།
基础等待时间: 2.5秒
1. 输入文本...
点击成功
3. 等待翻译...
等待翻译: 2.5秒

翻译尝试 1/3
原文长度: 79 字符
原文: སེམས་ཞོར་དུ་ཁོ་རང་ཡང་དེ་ཚོའི་གནས་བབ་ལས་མ་འདས་པའི་གླུ་པ་ཞིག་ཡིན་པ་གསལ་ལེར་རྟོགས།
基础等待时间: 2.5秒
1. 输入文本...

翻译尝试 1/3
原文长度: 57 字符
原文: ཀྱི་གཏིང་ལ་སྐྱོ་ངལ་དྲག་པོ་ཞིག་སྟེར་བའི་སྣང་བརྙན་ཁོ་ན་རེད།
基础等待时间: 2.5秒
1. 输入文本...
翻译结果稳定，总等待时间: 3.0秒
4. 获取翻译结果...
翻译成功 (长度: 7 字符)
结果: 合并为“为”。
翻译结果仍在变化，继续等待... (已等待0.0秒)
翻译结果仍在变化，继续等待... (已等待0.0秒)
翻译结果稳定，总等待时间: 4.0秒
4. 获取翻译结果...
翻译成功 (长度: 13 字符)
结果: 这时，梵天王向佛陀合掌道：
翻译结果仍在变化，继续等待... (已等待0.0秒)
文本输入完成 (长度: 43 字符)
2. 点击翻译按钮...
文本输入完成 (长度: 60 字符)
2. 点击翻译按钮...
文本输入完成 (长度: 67 字符)
2. 点击翻译按钮...
点击成功
3. 等待翻译...
等待翻译: 2.5秒
翻译结果稳定，总等待时间: 3.0秒
4. 获取翻译结果...
点击成功
3. 等待翻译...
等待翻译: 2.5秒

翻译尝试 1/3
原文长度: 40 字符
原文: འབྲོང་ཕྲུག་ཆེ་ཆེ་རི་རྩེ་འགྲིམ་གྱིན་འདུག།
基础等待时间: 2.5秒
1. 输入文本...
翻译成功 (长度: 3 字符)
结果: 对呀！
文本输入完成 (长度: 79 字符)
2. 点击翻译按钮...
翻译结果仍在变化，继续等待... (已等待0.0秒)
点击成功
3. 等待翻译...
等待翻译: 2.5秒
翻译结果稳定，总等待时间: 4.0秒
4. 获取翻译结果...
翻译成功 (长度: 16 字符)
结果: 所以无形的均等化者是这样指出的。
文本输入完成 (长度: 57 字符)
2. 点击翻译按钮...
点击成功
3. 等待翻译...
等待翻译: 2.5秒
翻译结果仍在变化，继续等待... (已等待0.0秒)
点击成功
3. 等待翻译...
等待翻译: 2.5秒
翻译结果稳定，总等待时间: 4.0秒
4. 获取翻译结果...

翻译尝试 1/3
原文长度: 32 字符
原文: དོན་འཁྲུལ་པར་གདའ་ན་བཟོད་པར་བཞེས།
基础等待时间: 2.5秒
1. 输入文本...
翻译成功 (长度: 20 字符)
结果: 同样，这一手术的这些功用也是独一无二的。
翻译结果仍在变化，继续等待... (已等待0.0秒)
文本输入完成 (长度: 40 字符)
2. 点击翻译按钮...

翻译尝试 1/3
原文长度: 51 字符
原文: ན་ཉིན་མིན་པ་མི་དྲན་འདུག་རྟ་རྒྱུན་དཔྱིད་ཀྱི་ཉི་མ་ལས།
基础等待时间: 2.5秒
1. 输入文本...

翻译尝试 1/3
原文长度: 84 字符
原文预览: ཅི་ཙམ་དུས་གཞན་ཞིག་ན་རྒྱལ་པོ་གཏུམ་པོ་རབ་སྣང་བློན་པོའི་ཚོགས་ཀྱིས་བསྐོར་ཅིང་འདུག་པ་...
基础等待时间: 4.0秒
1. 输入文本...

翻译尝试 1/3
原文长度: 32 字符
原文: དཀྱིལ་འཁོར་མཆོག་ནི་རྣམ་པར་བསྒོམ།
基础等待时间: 2.5秒
1. 输入文本...
点击成功
3. 等待翻译...
等待翻译: 2.5秒
翻译结果稳定，总等待时间: 4.0秒
4. 获取翻译结果...
文本输入完成 (长度: 32 字符)
2. 点击翻译按钮...
翻译成功 (长度: 16 字符)
结果: 双音节同样可以组成无限制的冠词。
文本输入完成 (长度: 32 字符)
2. 点击翻译按钮...
点击成功
3. 等待翻译...
等待翻译: 2.5秒
文本输入完成 (长度: 51 字符)
2. 点击翻译按钮...
点击成功
3. 等待翻译...
等待翻译: 2.5秒
文本输入完成 (长度: 84 字符)
2. 点击翻译按钮...
点击成功
3. 等待翻译...
等待翻译: 2.5秒

翻译尝试 1/3
原文长度: 133 字符
原文预览: དེ་བཞིན་མཚོན་ཆ་ཆེ་བ་རིགས་ཁ་ཤས་དར་ཤིང་གཉིས་ཀྱི་བར་བཅུག་སྟེ་དམག་མི་ཟུང་ཟུང་གིས་འཁྱ...
基础等待时间: 4.0秒
1. 输入文本...
点击成功
3. 等待翻译...
等待翻译: 4.0秒
翻译结果仍在变化，继续等待... (已等待0.0秒)

翻译尝试 1/3
原文长度: 23 字符
原文: གཞན་དག་གིས་ནི་མ་ཡིན་ནོ།
基础等待时间: 1.5秒
1. 输入文本...

翻译尝试 1/3
原文长度: 76 字符
原文: སྐོམ་གྱིས་གདུང་བཞིན་ཉལ་ནང་བར་བལྟས་ཚེ་ཆུ་ཟངས་ཆུས་བཀང་བའི་ནང་དུ་རྡོ་བཅུག་འདུག།
基础等待时间: 2.5秒
1. 输入文本...
翻译结果仍在变化，继续等待... (已等待0.0秒)
翻译结果稳定，总等待时间: 3.0秒
4. 获取翻译结果...
翻译结果稳定，总等待时间: 4.0秒
4. 获取翻译结果...
文本输入完成 (长度: 23 字符)
2. 点击翻译按钮...
翻译成功 (长度: 5 字符)
结果: 门外全听。
翻译成功 (长度: 9 字符)
结果: 如来神，阿阁罗佛。
翻译结果仍在变化，继续等待... (已等待0.0秒)
翻译结果稳定，总等待时间: 5.5秒
4. 获取翻译结果...
翻译成功 (长度: 20 字符)
结果: 请用小篮子给他，莫日喇所要的，我就给他。
点击成功
3. 等待翻译...
等待翻译: 1.5秒
文本输入完成 (长度: 76 字符)
2. 点击翻译按钮...
翻译结果仍在变化，继续等待... (已等待0.0秒)
文本输入完成 (长度: 133 字符)
2. 点击翻译按钮...
翻译结果稳定，总等待时间: 4.0秒
4. 获取翻译结果...
点击成功
3. 等待翻译...
等待翻译: 2.5秒
点击成功
3. 等待翻译...
等待翻译: 4.0秒
翻译成功 (长度: 12 字符)
结果: 或者从过去的意识的片刻。

翻译尝试 1/3
原文长度: 55 字符
原文: གོས་པ་མེད་པ་པདྨ་ཞེས་པ་དེ་སྡུད་སྔ་འགྱུར་བཀའ་མ་ཨེ་པར་གདའ།
基础等待时间: 2.5秒
1. 输入文本...
翻译结果稳定，总等待时间: 7.5秒
4. 获取翻译结果...

翻译尝试 1/3
原文长度: 34 字符
原文: འདི་སྐད་བདག་གིས་ཐོས་པ་འདུས་གཅིག་ན།
基础等待时间: 2.5秒
1. 输入文本...
翻译结果验证失败: 结果过短 (20字符 vs 原文170字符)
当前结果: 哪些是导致欲望的，哪些是导致欲望的离开。...
将重试...
翻译结果稳定，总等待时间: 4.0秒
4. 获取翻译结果...
翻译成功 (长度: 6 字符)
结果: 晋升为噶伦。

翻译尝试 1/3
原文长度: 7 字符
原文: དེར་ཐལ།
基础等待时间: 1.5秒
1. 输入文本...

翻译尝试 1/3
原文长度: 54 字符
原文: མཐར་གྱིས་གནས་པའི་སྙོམས་པར་འཇུག་པ་དགུ་དེ་ལྟར་བསྟན་པ་ནི།
基础等待时间: 2.5秒
1. 输入文本...
翻译结果仍在变化，继续等待... (已等待0.0秒)
文本输入完成 (长度: 34 字符)
2. 点击翻译按钮...
文本输入完成 (长度: 55 字符)
2. 点击翻译按钮...
点击成功
3. 等待翻译...
等待翻译: 2.5秒
文本输入完成 (长度: 7 字符)
2. 点击翻译按钮...

翻译尝试 1/3
原文长度: 54 字符
原文: རྩ་བ་རེ་རེལ་ཡང་ཡོན་ཏན་གྱི་ཆ་ལྔར་ལྔར་ཕྱེ་བས་སྐུ་ལྔ་དང་།
基础等待时间: 2.5秒
1. 输入文本...
点击成功
3. 等待翻译...
等待翻译: 2.5秒

翻译尝试 2/3
原文长度: 170 字符
原文预览: འདོད་པ་དག་ལས་ཆགས་པ་དང་བྲལ་བ་གང་དག་ཡིན་པ་དེ་དག་ལ་འདོད་ཆགས་ཅན་རྣམས་མཛེ་ཅན་ལྟར་སྡུག...
基础等待时间: 6.0秒
1. 输入文本...
点击成功
3. 等待翻译...
等待翻译: 1.5秒
翻译结果仍在变化，继续等待... (已等待0.0秒)
翻译结果仍在变化，继续等待... (已等待0.0秒)
文本输入完成 (长度: 54 字符)
2. 点击翻译按钮...
翻译结果仍在变化，继续等待... (已等待0.0秒)
翻译结果稳定，总等待时间: 3.0秒
4. 获取翻译结果...

翻译尝试 1/3
原文长度: 42 字符
原文: རིམ་གྱིས་ནས་ལས་གཉིས་ཁོལ་དུ་ཕྱུངས་པ་རེད་དོ།
基础等待时间: 2.5秒
1. 输入文本...
翻译成功 (长度: 7 字符)
结果: 在葬礼时，尽力
点击成功
3. 等待翻译...
等待翻译: 2.5秒
翻译结果仍在变化，继续等待... (已等待0.0秒)
翻译结果稳定，总等待时间: 4.0秒
4. 获取翻译结果...
文本输入完成 (长度: 54 字符)
2. 点击翻译按钮...
翻译成功 (长度: 15 字符)
结果: 这里所做的一切工作都必须完成。
翻译结果仍在变化，继续等待... (已等待0.0秒)
点击成功
3. 等待翻译...
等待翻译: 2.5秒
文本输入完成 (长度: 42 字符)
2. 点击翻译按钮...
翻译结果稳定，总等待时间: 4.0秒
4. 获取翻译结果...
翻译结果仍在变化，继续等待... (已等待0.0秒)
翻译成功 (长度: 10 字符)
结果: 近年来所出版的各部。
翻译结果仍在变化，继续等待... (已等待0.0秒)
点击成功
3. 等待翻译...
等待翻译: 2.5秒
文本输入完成 (长度: 170 字符)
2. 点击翻译按钮...
翻译结果稳定，总等待时间: 4.0秒
4. 获取翻译结果...
翻译成功 (长度: 17 字符)
结果: 这几句就好像是指着你站在经典上面。
点击成功
3. 等待翻译...
等待翻译: 6.0秒
翻译结果仍在变化，继续等待... (已等待0.0秒)
翻译结果仍在变化，继续等待... (已等待0.0秒)

翻译尝试 1/3
原文长度: 26 字符
原文: རང་གི་ཡུལ་བའམ་གཞན་ཡུལ་གྱི།
基础等待时间: 1.5秒
1. 输入文本...

翻译尝试 1/3
原文长度: 57 字符
原文: གཤེན་རབ་མཆོག་དེ་བཞིན་གཤེགས་པ་དགྲ་བཅོམ་པ་ཡང་དག་པར་རྫོགས་པ།
基础等待时间: 2.5秒
1. 输入文本...

翻译尝试 1/3
原文长度: 40 字符
原文: ཁྱོད་བདག་ཉིད་ཀྱི་དགོས་པ་ལ་སོང་བ་ཡིན་གྱི།
基础等待时间: 2.5秒
1. 输入文本...
翻译结果仍在变化，继续等待... (已等待0.0秒)

翻译尝试 1/3
原文长度: 61 字符
原文: ད་ལྟར་གྱི་མིག་གི་རྣམ་པར་ཤེས་པའི་སྐད་ཅིག་མ་གཞན་པ་ཉིད་མ་ཡིན་ཏེ།
基础等待时间: 2.5秒
1. 输入文本...
文本输入完成 (长度: 26 字符)
2. 点击翻译按钮...
翻译结果稳定，总等待时间: 4.0秒
4. 获取翻译结果...
翻译成功 (长度: 9 字符)
结果: 母亲在中心的五组。
文本输入完成 (长度: 40 字符)
2. 点击翻译按钮...
文本输入完成 (长度: 57 字符)
2. 点击翻译按钮...
点击成功
3. 等待翻译...
等待翻译: 1.5秒
点击成功
3. 等待翻译...
等待翻译: 2.5秒

翻译尝试 1/3
原文长度: 71 字符
原文: ད་ཤུལ་ཡོགས་སུ་ལ་མོ་ཆག་པ་ཕྲུམདུ་ཕྱག་ཐབ་ཙམ་ཞིག་གསོལདུ་ཇི་གནང་ཞེས་གསོལ་ནས།
基础等待时间: 2.5秒
1. 输入文本...
点击成功
3. 等待翻译...
等待翻译: 2.5秒
翻译结果仍在变化，继续等待... (已等待0.0秒)
翻译结果稳定，总等待时间: 4.0秒
4. 获取翻译结果...
翻译结果稳定，总等待时间: 4.0秒
4. 获取翻译结果...
文本输入完成 (长度: 61 字符)
2. 点击翻译按钮...
翻译成功 (长度: 12 字符)
结果: 我国的慈善事业特别发达。
翻译成功 (长度: 13 字符)
结果: 比婆罗门们吃得香，走得快。
翻译结果稳定，总等待时间: 4.0秒
4. 获取翻译结果...
翻译结果仍在变化，继续等待... (已等待0.0秒)
翻译成功 (长度: 19 字符)
结果: 富人要的那两样东西，这世界上根本没有。
点击成功
3. 等待翻译...
等待翻译: 2.5秒
翻译结果稳定，总等待时间: 4.0秒
4. 获取翻译结果...
翻译成功 (长度: 23 字符)
结果: 同时也明显地意识到他也是处于这种状态中的歌手。
文本输入完成 (长度: 71 字符)
2. 点击翻译按钮...
翻译结果稳定，总等待时间: 4.0秒
4. 获取翻译结果...
翻译成功 (长度: 14 字符)
结果: 只不过是给人一种痛苦的印象。
点击成功
3. 等待翻译...
等待翻译: 2.5秒
翻译结果稳定，总等待时间: 4.0秒
4. 获取翻译结果...
翻译成功 (长度: 11 字符)
结果: 小牛崽儿在山顶上奔跑。
翻译结果稳定，总等待时间: 3.0秒
4. 获取翻译结果...

翻译尝试 1/3
原文长度: 24 字符
原文: ལྡང་བ་འམ་ནི་འདུག་པའི་ཚེ།
基础等待时间: 1.5秒
1. 输入文本...
翻译成功 (长度: 7 字符)
结果: 其余的则不是。

翻译尝试 1/3
原文长度: 59 字符
原文: འབྲས་བུ་གྲུབ་པའོ་ཅོག་ཀྱང་ངེས་པར་གདོན་མི་ཟ་བར་འཇིག་པ་ཞིག་གོ།
基础等待时间: 2.5秒
1. 输入文本...
翻译结果仍在变化，继续等待... (已等待0.0秒)
翻译结果仍在变化，继续等待... (已等待0.0秒)
翻译结果稳定，总等待时间: 4.0秒
4. 获取翻译结果...
翻译成功 (长度: 10 字符)
结果: 错了的事，原谅我吧！
翻译结果稳定，总等待时间: 4.0秒
4. 获取翻译结果...
文本输入完成 (长度: 24 字符)
2. 点击翻译按钮...
翻译成功 (长度: 10 字符)
结果: 祈求坛城佛法的降临。
翻译结果仍在变化，继续等待... (已等待0.0秒)

翻译尝试 1/3
原文长度: 27 字符
原文: ཞེས་སོགས་གསུངས་པའི་ཕྱིར་རོ།
基础等待时间: 1.5秒
1. 输入文本...
翻译结果稳定，总等待时间: 4.0秒
4. 获取翻译结果...
翻译成功 (长度: 12 字符)
结果: 昨日不在了，马年春光在。
点击成功
3. 等待翻译...
等待翻译: 1.5秒

翻译尝试 1/3
原文长度: 22 字符
原文: གཉིས་ལ་བེ་རོ་ཙ་ནས་ཞུས།
基础等待时间: 1.5秒
1. 输入文本...
文本输入完成 (长度: 59 字符)
2. 点击翻译按钮...
翻译结果仍在变化，继续等待... (已等待0.0秒)
点击成功
3. 等待翻译...
等待翻译: 2.5秒
文本输入完成 (长度: 27 字符)
2. 点击翻译按钮...
翻译结果仍在变化，继续等待... (已等待0.0秒)
翻译结果仍在变化，继续等待... (已等待0.0秒)
点击成功
3. 等待翻译...
等待翻译: 1.5秒
文本输入完成 (长度: 22 字符)
2. 点击翻译按钮...
翻译结果稳定，总等待时间: 3.0秒
4. 获取翻译结果...
翻译成功 (长度: 5 字符)
结果: 差不多了。
翻译结果仍在变化，继续等待... (已等待0.0秒)
点击成功
3. 等待翻译...
等待翻译: 1.5秒
翻译结果仍在变化，继续等待... (已等待0.0秒)

翻译尝试 1/3
原文长度: 20 字符
原文: བཞི་པར་སྣང་བ་མཐའ་ཡས།
基础等待时间: 1.5秒
1. 输入文本...
翻译结果稳定，总等待时间: 4.0秒
4. 获取翻译结果...
翻译成功 (长度: 18 字符)
结果: 渴极了的人看着满满的水壶里放着石头。
文本输入完成 (长度: 20 字符)
2. 点击翻译按钮...

翻译尝试 1/3
原文长度: 43 字符
原文: ཀུན་ཏུ་འོད་ཀྱི་ས་བོན་འབྲས་བུའི་ཁྱད་པར་འཕགས།
基础等待时间: 2.5秒
1. 输入文本...

翻译尝试 1/3
原文长度: 60 字符
原文: ཆོ་རིགས་བཙུན་པའི་སྒྲུབ་པོས་གོས་དཀར་བགོས་ལ་ཀུ་ཤའི་སྟན་ལ་འདུག།
基础等待时间: 2.5秒
1. 输入文本...
点击成功
3. 等待翻译...
等待翻译: 1.5秒

翻译尝试 1/3
原文长度: 101 字符
原文预览: གནས་ཚུལ་འདི་འདྲའི་སྐབས་སུ་དངོས་གནས་ཞེ་སེམས་སྐྱིད་པོ་འདུག་པའི་མི་ནི་གཅིག་ཀྱང་ཡོད་...
基础等待时间: 4.0秒
1. 输入文本...

翻译尝试 1/3
原文长度: 133 字符
原文预览: ཁོ་ཡོད་སའི་ཆང་ཁང་དེའི་ནམ་མཁར་ཟླ་བ་ཤར་འདུག་རྒྱུ་སྐར་གྲངས་མེད་དགའ་དྲགས་ནས་འདར་བའི་...
基础等待时间: 4.0秒
1. 输入文本...
翻译结果稳定，总等待时间: 4.0秒
4. 获取翻译结果...
翻译结果仍在变化，继续等待... (已等待0.0秒)
翻译成功 (长度: 5 字符)
结果: 我听说过。

翻译尝试 1/3
原文长度: 88 字符
原文预览: སླར་ཡང་གྱང་ལྡེབས་ཀྱི་ངོས་ཡོད་ཚད་ལ་ལག་པས་རེག་གྱང་ལྡེབས་ནི་དུད་དྲེག་གིས་ཟིན་འདུག་པ...
基础等待时间: 4.0秒
1. 输入文本...
文本输入完成 (长度: 43 字符)
2. 点击翻译按钮...
翻译结果稳定，总等待时间: 4.0秒
4. 获取翻译结果...
翻译成功 (长度: 14 字符)
结果: 无缝的莲花，是属于梵语的吗？
翻译结果仍在变化，继续等待... (已等待0.0秒)
文本输入完成 (长度: 60 字符)
2. 点击翻译按钮...
点击成功
3. 等待翻译...
等待翻译: 2.5秒
翻译结果稳定，总等待时间: 5.5秒
4. 获取翻译结果...
翻译成功 (长度: 14 字符)
结果: 有一天，暴君让他的人围着他。
翻译结果仍在变化，继续等待... (已等待0.0秒)

翻译尝试 1/3
原文长度: 43 字符
原文: བྱིའུ་ཕྲུག་ཆེ་ཆེ་ཤིང་རྩེ་བ་འགྲིམ་གྱིན་འདུག།
基础等待时间: 2.5秒
1. 输入文本...

翻译尝试 1/3
原文长度: 52 字符
原文: ཡིད་ཙམ་ལས་སྐྱེས་པའི་ཕྱིར་ཡིད་ལས་བྱུང་བ་རང་གི་འོད་ཅན།
基础等待时间: 2.5秒
1. 输入文本...
点击成功
3. 等待翻译...
等待翻译: 2.5秒
文本输入完成 (长度: 101 字符)
2. 点击翻译按钮...
翻译结果仍在变化，继续等待... (已等待0.0秒)
翻译结果稳定，总等待时间: 4.0秒
4. 获取翻译结果...
翻译成功 (长度: 13 字符)
结果: 以及这种九个渐近的平行线。
文本输入完成 (长度: 88 字符)
2. 点击翻译按钮...
文本输入完成 (长度: 133 字符)
2. 点击翻译按钮...

翻译尝试 1/3
原文长度: 29 字符
原文: ཡུལ་དབུས་གཙང་མཐིལ་དུ་ཐོན་ཙ་ན།
基础等待时间: 1.5秒
1. 输入文本...
点击成功
3. 等待翻译...
等待翻译: 4.0秒
文本输入完成 (长度: 43 字符)
2. 点击翻译按钮...
翻译结果稳定，总等待时间: 3.0秒
4. 获取翻译结果...

翻译尝试 1/3
原文长度: 24 字符
原文: གཡོན་པ་ཁ་ཊྭཱཾ་གཡས་པར་ནི།
基础等待时间: 1.5秒
1. 输入文本...
翻译成功 (长度: 8 字符)
结果: 本地的或异地的。
翻译结果稳定，总等待时间: 4.0秒
4. 获取翻译结果...
翻译结果仍在变化，继续等待... (已等待0.0秒)
点击成功
3. 等待翻译...
等待翻译: 4.0秒
点击成功
3. 等待翻译...
等待翻译: 4.0秒
翻译成功 (长度: 16 字符)
结果: 每根代表五个部分，合五根为五体。
翻译结果仍在变化，继续等待... (已等待0.0秒)

翻译尝试 1/3
原文长度: 53 字符
原文: ཧ་ཅང་མཚར་ཞིང་བཅུད་ཆེ་བ་མི་ཉུང་བ་ཞིག་འཁོད་འདུག་དཔེར་ན།
基础等待时间: 2.5秒
1. 输入文本...
点击成功
3. 等待翻译...
等待翻译: 2.5秒
文本输入完成 (长度: 52 字符)
2. 点击翻译按钮...
翻译结果仍在变化，继续等待... (已等待0.0秒)
翻译结果稳定，总等待时间: 4.0秒
4. 获取翻译结果...
文本输入完成 (长度: 29 字符)
2. 点击翻译按钮...
翻译成功 (长度: 12 字符)
结果: 逐渐的就出现了两种事物。
点击成功
3. 等待翻译...
等待翻译: 2.5秒
文本输入完成 (长度: 24 字符)
2. 点击翻译按钮...
翻译结果稳定，总等待时间: 5.5秒
4. 获取翻译结果...
点击成功
3. 等待翻译...
等待翻译: 1.5秒
翻译成功 (长度: 35 字符)
结果: 此外，几种重武器，夹在两根旗杆中，由双双兵士抬着，我不敢相信这等力量。
点击成功
3. 等待翻译...
等待翻译: 1.5秒
文本输入完成 (长度: 53 字符)
2. 点击翻译按钮...

翻译尝试 1/3
原文长度: 38 字符
原文: དུས་གསུམ་ལས་འདས་པ་མ་ཡིན་པ་མ་ཡིན་པར་ཐལ།
基础等待时间: 2.5秒
1. 输入文本...
点击成功
3. 等待翻译...
等待翻译: 2.5秒
翻译结果仍在变化，继续等待... (已等待0.0秒)

翻译尝试 1/3
原文长度: 236 字符
原文预览: དུས་དེ་རིང་ཁོ་ན་ཙམ་ལའང་མི་འཆིའོ་ཞེས་སེམས་བག་ཕབ་སྟེ་བདེ་བར་འདུག་པ་འདི་ནི་རིགས་ཤིང...
基础等待时间: 6.0秒
1. 输入文本...
翻译结果仍在变化，继续等待... (已等待0.0秒)
文本输入完成 (长度: 38 字符)
2. 点击翻译按钮...
翻译结果稳定，总等待时间: 4.0秒
4. 获取翻译结果...
点击成功
3. 等待翻译...
等待翻译: 2.5秒
翻译成功 (长度: 12 字符)
结果: 你是为自己的需要去的吗？
翻译结果稳定，总等待时间: 4.0秒
4. 获取翻译结果...
翻译成功 (长度: 10 字符)
结果: 如来佛陀，如来觉足。
翻译结果稳定，总等待时间: 3.0秒
4. 获取翻译结果...
翻译成功 (长度: 11 字符)
结果: 当它跳动或者停顿的时候
翻译结果稳定，总等待时间: 4.0秒
4. 获取翻译结果...
翻译成功 (长度: 15 字符)
结果: 不是现在的其他眼的意识的瞬间。

翻译尝试 1/3
原文长度: 60 字符
原文: བཅོམ་ལྡན་འདས་ཆད་མ་ནས་གཤེགས་པ་རྒན་མོ་མ་སྨད་གསུམ་གྱིས་མཐོད་ནས།
基础等待时间: 2.5秒
1. 输入文本...

翻译尝试 1/3
原文长度: 32 字符
原文: ལ་སོགས་པ་ཞེས་པ་རྣམས་སྡུད་པར་གདའ།
基础等待时间: 2.5秒
1. 输入文本...
翻译结果稳定，总等待时间: 3.0秒
4. 获取翻译结果...

翻译尝试 1/3
原文长度: 50 字符
原文: ཡང་རྒྱལ་པོས་གསོས་པ་ལ་ཇི་ལྟ་ཞིང་འདུག་ཅེས་རྨས་པ་དང་།
基础等待时间: 2.5秒
1. 输入文本...
翻译结果稳定，总等待时间: 4.0秒
4. 获取翻译结果...
翻译成功 (长度: 3 字符)
结果: 等等。
翻译成功 (长度: 9 字符)
结果: 就请莫扎特修一炊。
文本输入完成 (长度: 236 字符)
2. 点击翻译按钮...
翻译结果稳定，总等待时间: 3.0秒
4. 获取翻译结果...
翻译成功 (长度: 16 字符)
结果: 二者都被维吾尔人称为“吐鲁番”。
文本输入完成 (长度: 32 字符)
2. 点击翻译按钮...
点击成功
3. 等待翻译...
等待翻译: 6.0秒

翻译尝试 1/3
原文长度: 42 字符
原文: སོ་སོ་ཡང་དག་པར་རིག་པ་བཞི་དེ་ལྟར་བསྟན་པ་ནི།
基础等待时间: 2.5秒
1. 输入文本...
翻译结果仍在变化，继续等待... (已等待0.0秒)
文本输入完成 (长度: 60 字符)
2. 点击翻译按钮...
点击成功
3. 等待翻译...
等待翻译: 2.5秒
文本输入完成 (长度: 50 字符)
2. 点击翻译按钮...
翻译结果仍在变化，继续等待... (已等待0.0秒)
点击成功
3. 等待翻译...
等待翻译: 2.5秒

翻译尝试 1/3
原文长度: 30 字符
原文: བུ་མོ་གཟུགས་མཛེས་ལེགས་བརྒྱན་པ།
基础等待时间: 1.5秒
1. 输入文本...

翻译尝试 1/3
原文长度: 30 字符
原文: རིགསཆེན་གཙུག་ཏོར་ཆེར་གཟིགས་ནས།
基础等待时间: 1.5秒
1. 输入文本...
点击成功
3. 等待翻译...
等待翻译: 2.5秒
翻译结果仍在变化，继续等待... (已等待0.0秒)
文本输入完成 (长度: 42 字符)
2. 点击翻译按钮...

翻译尝试 1/3
原文长度: 61 字符
原文: དེ་ལ་ལྟ་མཁན་ཞིག་གིས་ཕར་བལྟ་བའི་བྱ་བ་གཞན་ཞིག་བྱས་པ་སྟོན་པ་དང་།
基础等待时间: 2.5秒
1. 输入文本...
翻译结果仍在变化，继续等待... (已等待0.0秒)
翻译结果仍在变化，继续等待... (已等待0.0秒)
点击成功
3. 等待翻译...
等待翻译: 2.5秒
翻译结果稳定，总等待时间: 3.0秒
4. 获取翻译结果...
文本输入完成 (长度: 30 字符)
2. 点击翻译按钮...
翻译成功 (长度: 10 字符)
结果: 第四是无边的无量的。
文本输入完成 (长度: 30 字符)
2. 点击翻译按钮...

翻译尝试 1/3
原文长度: 37 字符
原文: ང་ཚོ་ཁམས་པ་ཚོ་ནི་མཚོན་ཆ་ལ་དགའ་པོ་ཡོད།
基础等待时间: 2.5秒
1. 输入文本...
翻译结果稳定，总等待时间: 4.0秒
4. 获取翻译结果...
点击成功
3. 等待翻译...
等待翻译: 1.5秒
翻译成功 (长度: 14 字符)
结果: 果实成熟之后，必定要凋谢的。
点击成功
3. 等待翻译...
等待翻译: 1.5秒
翻译结果仍在变化，继续等待... (已等待0.0秒)
文本输入完成 (长度: 61 字符)
2. 点击翻译按钮...
文本输入完成 (长度: 37 字符)
2. 点击翻译按钮...
翻译结果仍在变化，继续等待... (已等待0.0秒)
点击成功
3. 等待翻译...
等待翻译: 2.5秒
点击成功
3. 等待翻译...
等待翻译: 2.5秒

翻译尝试 1/3
原文长度: 51 字符
原文: ཁོ་བོའི་དགོས་པ་ལ་སོང་བ་མ་ཡིན་པས་ཁོ་བོས་མི་སྦྱིན་ནོ།
基础等待时间: 2.5秒
1. 输入文本...

翻译尝试 1/3
原文长度: 57 字符
原文: གཤེན་རབ་མཆོག་དེ་བཞིན་གཤེགས་པ་དགྲ་བཅོམ་པ་ཡང་དག་པར་རྫོགས་པ།
基础等待时间: 2.5秒
1. 输入文本...
翻译结果仍在变化，继续等待... (已等待0.0秒)

翻译尝试 1/3
原文长度: 39 字符
原文: བཛྲ་བེ་རོ་ཙ་ནཱི་ཡེ་ཧ་ཱུཾ་ཧ་ཱུཾ་ཕཊ་སྭཱ་ཧཱ།
基础等待时间: 2.5秒
1. 输入文本...

翻译尝试 1/3
原文长度: 83 字符
原文预览: མིག་གི་རྣམ་པར་ཤེས་པ་ཡིན་པའི་ཕྱིར་ད་ལྟར་གྱི་མིག་གི་རྣམ་པར་ཤེས་པའི་སྐད་ཅིག་མ་བཞིན་...
基础等待时间: 4.0秒
1. 输入文本...
翻译结果稳定，总等待时间: 3.0秒
4. 获取翻译结果...
文本输入完成 (长度: 51 字符)
2. 点击翻译按钮...
翻译成功 (长度: 7 字符)
结果: 到了玉宗净底。
文本输入完成 (长度: 57 字符)
2. 点击翻译按钮...
文本输入完成 (长度: 39 字符)
2. 点击翻译按钮...
翻译结果稳定，总等待时间: 3.0秒
4. 获取翻译结果...
翻译结果仍在变化，继续等待... (已等待0.0秒)
翻译成功 (长度: 11 字符)
结果: 左手持钵器，右手持杖。
点击成功
3. 等待翻译...
等待翻译: 2.5秒

翻译尝试 1/3
原文长度: 18 字符
原文: ཞེས་སོགས་གསུངས་སོ།
基础等待时间: 1.5秒
1. 输入文本...

翻译尝试 1/3
原文长度: 21 字符
原文: འབྲིང་ཐོ་རེ་སྦུང་བཙན།
基础等待时间: 1.5秒
1. 输入文本...
点击成功
3. 等待翻译...
等待翻译: 2.5秒
点击成功
3. 等待翻译...
等待翻译: 2.5秒
翻译结果稳定，总等待时间: 4.0秒
4. 获取翻译结果...
翻译成功 (长度: 10 字符)
结果: 普照种子，果实优美。

翻译尝试 1/3
原文长度: 25 字符
原文: ཁྱེད་རང་ཡང་ནི་དེ་འདོད་དེ།
基础等待时间: 1.5秒
1. 输入文本...
翻译结果稳定，总等待时间: 4.0秒
4. 获取翻译结果...
文本输入完成 (长度: 83 字符)
2. 点击翻译按钮...
翻译成功 (长度: 16 字符)
结果: 正统的修道士穿白衣，坐苹果皮垫。
翻译结果稳定，总等待时间: 7.5秒
4. 获取翻译结果...
翻译成功 (长度: 38 字符)
结果: 欲望所形成和解除的东西，正如色欲者如瘟神般痛苦，所以不能永远称为欲者如乐神。
文本输入完成 (长度: 18 字符)
2. 点击翻译按钮...
翻译结果仍在变化，继续等待... (已等待0.0秒)
文本输入完成 (长度: 21 字符)
2. 点击翻译按钮...
点击成功
3. 等待翻译...
等待翻译: 4.0秒
翻译结果仍在变化，继续等待... (已等待0.0秒)
翻译结果仍在变化，继续等待... (已等待0.0秒)
翻译结果仍在变化，继续等待... (已等待0.0秒)
翻译结果仍在变化，继续等待... (已等待0.0秒)
文本输入完成 (长度: 25 字符)
2. 点击翻译按钮...
点击成功
3. 等待翻译...
等待翻译: 1.5秒
点击成功
3. 等待翻译...
等待翻译: 1.5秒
点击成功
3. 等待翻译...
等待翻译: 1.5秒
翻译结果稳定，总等待时间: 4.0秒
4. 获取翻译结果...
翻译成功 (长度: 9 字符)
结果: 雏鸟在树梢上跳跃。

翻译尝试 1/3
原文长度: 125 字符
原文预览: ལྔ་པར་དོན་ཡོད་གྲུབ་པ་གཙོ་བོར་བཞུགས་པའི་ཚོམ་བུ་སྟེ་དེ་ལ་བསམ་གཏན་གྱི་ཞག་ནི་ད་ལྟ་ཏི...
基础等待时间: 4.0秒
1. 输入文本...
翻译结果稳定，总等待时间: 4.0秒
4. 获取翻译结果...
翻译成功 (长度: 15 字符)
结果: 由于一丝微光而产生的自发的光。
翻译结果仍在变化，继续等待... (已等待0.0秒)

翻译尝试 1/3
原文长度: 62 字符
原文: དེ་ལ་གང་འགྲུབ་པ་ནི་ངེས་པར་གདོན་མི་ཟ་བར་ཡུན་མི་རིང་བར་འཇིག་སྟེ།
基础等待时间: 2.5秒
1. 输入文本...
翻译结果仍在变化，继续等待... (已等待0.0秒)
翻译结果仍在变化，继续等待... (已等待0.0秒)
翻译结果稳定，总等待时间: 4.0秒
4. 获取翻译结果...
翻译成功 (长度: 14 字符)
结果: 不少非常有趣和有价值的东西。
翻译结果仍在变化，继续等待... (已等待0.0秒)
文本输入完成 (长度: 62 字符)
2. 点击翻译按钮...
文本输入完成 (长度: 125 字符)
2. 点击翻译按钮...
点击成功
3. 等待翻译...
等待翻译: 2.5秒
点击成功
3. 等待翻译...
等待翻译: 4.0秒
翻译结果稳定，总等待时间: 4.0秒
4. 获取翻译结果...
翻译成功 (长度: 10 字符)
结果: 也许不是三时超越吧。
翻译结果仍在变化，继续等待... (已等待0.0秒)
翻译结果仍在变化，继续等待... (已等待0.0秒)

翻译尝试 1/3
原文长度: 67 字符
原文: མཉྫུ་ཤྲྰི་ཤེས་གསུངས་པས་དེ་རྣམས་མི་གོ་བར་འདུག་ཟེར་ཡང་མཁས་པ་ཙམ་དུ་རི།
基础等待时间: 2.5秒
1. 输入文本...
翻译结果稳定，总等待时间: 5.5秒
4. 获取翻译结果...
翻译结果验证失败: 结果过短 (19字符 vs 原文101字符)
当前结果: 说在这种情况下没有一个人是真正乐观的。...
将重试...
翻译结果稳定，总等待时间: 3.0秒
4. 获取翻译结果...

翻译尝试 1/3
原文长度: 27 字符
原文: བསྒོམས་པས་ཐིམ་པར་བྱས་ནས་སུ།
基础等待时间: 1.5秒
1. 输入文本...
翻译结果仍在变化，继续等待... (已等待0.0秒)
翻译结果稳定，总等待时间: 3.0秒
4. 获取翻译结果...
翻译成功 (长度: 7 字符)
结果: 女儿仪态端庄。
翻译成功 (长度: 6 字符)
结果: 观察大金顶。
翻译结果仍在变化，继续等待... (已等待0.0秒)
翻译结果稳定，总等待时间: 5.5秒
4. 获取翻译结果...
翻译结果稳定，总等待时间: 5.5秒
4. 获取翻译结果...
翻译成功 (长度: 38 字符)
结果: 他所在的那个酒吧天边挂满了满满的月亮，无数星辰激动得发抖，笑是为了他的觉醒。
翻译成功 (长度: 20 字符)
结果: 再次摸了摸墙壁，除了墙壁已经被烟尘侵蚀。
翻译结果仍在变化，继续等待... (已等待0.0秒)

翻译尝试 1/3
原文长度: 35 字符
原文: དོན་དམ་སྐྱེ་བ་མེད་པར་རབ་རྟོགས་ཤིང་།
基础等待时间: 2.5秒
1. 输入文本...

翻译尝试 1/3
原文长度: 64 字符
原文: ཀུ་ཤའི་ཁྲེས་པོའམ་གཅལ་དུ་བཀྲམ་པ་ལ་འདུག་པའམ་ལོ་མ་ལ་ཉེ་བར་འདུག་སྟེ།
基础等待时间: 2.5秒
1. 输入文本...
文本输入完成 (长度: 27 字符)
2. 点击翻译按钮...

翻译尝试 1/3
原文长度: 24 字符
原文: ཁྱི་ཕག་མི་གཙང་ལ་ཇི་བཞིན།
基础等待时间: 1.5秒
1. 输入文本...
文本输入完成 (长度: 67 字符)
2. 点击翻译按钮...
点击成功
3. 等待翻译...
等待翻译: 1.5秒
文本输入完成 (长度: 35 字符)
2. 点击翻译按钮...
翻译结果稳定，总等待时间: 4.0秒
4. 获取翻译结果...
点击成功
3. 等待翻译...
等待翻译: 2.5秒
翻译成功 (长度: 3 字符)
结果: 等等。

翻译尝试 2/3
原文长度: 101 字符
原文预览: གནས་ཚུལ་འདི་འདྲའི་སྐབས་སུ་དངོས་གནས་ཞེ་སེམས་སྐྱིད་པོ་འདུག་པའི་མི་ནི་གཅིག་ཀྱང་ཡོད་...
基础等待时间: 4.0秒
1. 输入文本...
翻译结果稳定，总等待时间: 4.0秒
4. 获取翻译结果...
翻译结果仍在变化，继续等待... (已等待0.0秒)
翻译成功 (长度: 15 字符)
结果: 老妇人和她儿子和女儿都看见了。
点击成功
3. 等待翻译...
等待翻译: 2.5秒
翻译结果稳定，总等待时间: 4.0秒
4. 获取翻译结果...
翻译结果仍在变化，继续等待... (已等待0.0秒)
翻译结果仍在变化，继续等待... (已等待0.0秒)
文本输入完成 (长度: 24 字符)
2. 点击翻译按钮...
翻译成功 (长度: 14 字符)
结果: 又说：“你看养的怎么样了？”

翻译尝试 1/3
原文长度: 32 字符
原文: བསིལ་བ་ཚལ་དུ་འགྲོ་ན་རན་ཚོད་འདུག།
基础等待时间: 2.5秒
1. 输入文本...
文本输入完成 (长度: 64 字符)
2. 点击翻译按钮...
点击成功
3. 等待翻译...
等待翻译: 1.5秒

翻译尝试 1/3
原文长度: 139 字符
原文预览: དེ་ནས་འཇིག་རྟེན་དུ་སོག་འཇོག་གི་སྐྱོན་གྱིས་མ་བྱིན་པར་ལེན་པ་ལ་སོགས་པ་ལ་ཞུགས་པས་རང་...
基础等待时间: 4.0秒
1. 输入文本...
翻译结果稳定，总等待时间: 4.0秒
4. 获取翻译结果...
点击成功
3. 等待翻译...
等待翻译: 2.5秒
翻译成功 (长度: 7 字符)
结果: 正是因为如此。
文本输入完成 (长度: 32 字符)
2. 点击翻译按钮...
文本输入完成 (长度: 101 字符)
2. 点击翻译按钮...
点击成功
3. 等待翻译...
等待翻译: 2.5秒

翻译尝试 1/3
原文长度: 110 字符
原文预览: དེའི་ནང་དུ་ཡིད་ལ་ཤོང་པར་དཀའ་བའི་ལྷ་སྒྲུང་རང་བཞིན་མང་ནའང་དོན་དངོས་སུ་འཛམ་གླིང་ཡང་...
基础等待时间: 4.0秒
1. 输入文本...
点击成功
3. 等待翻译...
等待翻译: 4.0秒
翻译结果稳定，总等待时间: 4.0秒
4. 获取翻译结果...
翻译结果稳定，总等待时间: 4.0秒
4. 获取翻译结果...
翻译成功 (长度: 15 字符)
结果: 表示一个观众转向去看另一件事。
翻译成功 (长度: 10 字符)
结果: 我们康巴人就喜欢兵器
文本输入完成 (长度: 139 字符)
2. 点击翻译按钮...
点击成功
3. 等待翻译...
等待翻译: 4.0秒

翻译尝试 1/3
原文长度: 7 字符
原文: དེར་ཐལ།
基础等待时间: 1.5秒
1. 输入文本...
翻译结果稳定，总等待时间: 3.0秒
4. 获取翻译结果...
翻译成功 (长度: 3 字符)
结果: 等等。
翻译结果稳定，总等待时间: 3.0秒
4. 获取翻译结果...
翻译成功 (长度: 5 字符)
结果: 仲图热本赞
翻译结果稳定，总等待时间: 3.0秒
4. 获取翻译结果...
文本输入完成 (长度: 110 字符)
2. 点击翻译按钮...
翻译成功 (长度: 7 字符)
结果: 你又想装逼了。
点击成功
3. 等待翻译...
等待翻译: 4.0秒
文本输入完成 (长度: 7 字符)
2. 点击翻译按钮...
翻译结果仍在变化，继续等待... (已等待0.0秒)
翻译结果仍在变化，继续等待... (已等待0.0秒)
点击成功
3. 等待翻译...
等待翻译: 1.5秒

翻译尝试 1/3
原文长度: 27 字符
原文: བུ་མོ་སྟོང་ཕྲག་བརྒྱད་ཅུ་དག།
基础等待时间: 1.5秒
1. 输入文本...

翻译尝试 1/3
原文长度: 48 字符
原文: གང་ལ་ལ་དག་ཐབས་དང་ཞེས་ར་བ་ཟབ་མོའི་ཚུལ་ལ་མོས་ཤིང་།
基础等待时间: 2.5秒
1. 输入文本...

翻译尝试 1/3
原文长度: 103 字符
原文预览: རྒྱུ་དང་ཐོབ་མེད་ན་སྤྱོད་ཁང་དེ་སྤྱོད་དཀའ་བར་འདུག་ཟེར་བའི་གཏམ་ཞིག་ཀུན་གྱི་རྣ་ཡིས་ཐ...
基础等待时间: 4.0秒
1. 输入文本...

翻译尝试 1/3
原文长度: 74 字符
原文: དེ་ལས་དུག་སྡོམ་ནག་པོ་ཞིག་ཐོལ་གྱིས་ཕྱིར་ཐོན་ནས་གྱང་ངོས་སུ་གང་བྱུང་གིས་བྲོས།
基础等待时间: 2.5秒
1. 输入文本...
翻译结果稳定，总等待时间: 4.0秒
4. 获取翻译结果...
翻译成功 (长度: 15 字符)
结果: 非因他人之求，我何曾给过他人。
翻译结果稳定，总等待时间: 4.0秒
4. 获取翻译结果...
翻译结果稳定，总等待时间: 4.0秒
4. 获取翻译结果...
翻译成功 (长度: 9 字符)
结果: 如来佛，无余菩萨。
翻译成功 (长度: 15 字符)
结果: 咒语:珠哇若唱尼耶-呜呜咕咕。
翻译结果仍在变化，继续等待... (已等待0.0秒)
翻译结果仍在变化，继续等待... (已等待0.0秒)
文本输入完成 (长度: 27 字符)
2. 点击翻译按钮...
文本输入完成 (长度: 48 字符)
2. 点击翻译按钮...
翻译结果仍在变化，继续等待... (已等待0.0秒)
点击成功
3. 等待翻译...
等待翻译: 1.5秒

翻译尝试 1/3
原文长度: 21 字符
原文: ཞེས་པ་དེ་སྡུད་པར་གདའ།
基础等待时间: 1.5秒
1. 输入文本...
点击成功
3. 等待翻译...
等待翻译: 2.5秒
文本输入完成 (长度: 74 字符)
2. 点击翻译按钮...

翻译尝试 1/3
原文长度: 73 字符
原文: དེ་དག་གི་སྲོག་བ་སྐྱའ་པའི་སླད་དུ་བཅོམ་ལྡན་འདས་ཀྱིས་ཀུན་དགའ་པ་ལ་བཀའ་སྩལ་ཏེ།
基础等待时间: 2.5秒
1. 输入文本...

翻译尝试 1/3
原文长度: 38 字符
原文: གལ་ཏེ་དེ་ལྟ་ན་ཅི་ངའི་གན་དུ་མི་འདུག་གམ།
基础等待时间: 2.5秒
1. 输入文本...
文本输入完成 (长度: 103 字符)
2. 点击翻译按钮...
点击成功
3. 等待翻译...
等待翻译: 2.5秒
文本输入完成 (长度: 21 字符)
2. 点击翻译按钮...
点击成功
3. 等待翻译...
等待翻译: 4.0秒

翻译尝试 1/3
原文长度: 42 字符
原文: རྣམ་པ་ཐམས་ཅད་མཁྱེན་པ་ཉིད་དེ་ལྟར་བསྟན་པ་ནི།
基础等待时间: 2.5秒
1. 输入文本...
点击成功
3. 等待翻译...
等待翻译: 1.5秒
文本输入完成 (长度: 38 字符)
2. 点击翻译按钮...
翻译结果仍在变化，继续等待... (已等待0.0秒)
文本输入完成 (长度: 73 字符)
2. 点击翻译按钮...
点击成功
3. 等待翻译...
等待翻译: 2.5秒
翻译结果仍在变化，继续等待... (已等待0.0秒)
点击成功
3. 等待翻译...
等待翻译: 2.5秒
文本输入完成 (长度: 42 字符)
2. 点击翻译按钮...
点击成功
3. 等待翻译...
等待翻译: 2.5秒

翻译尝试 1/3
原文长度: 54 字符
原文: མིག་གིས་བལྟ་བྱའི་གཟུགས་ལ་ཕར་བྱ་བ་ཅི་ཞིག་བྱས་པ་བསྟན་ཏེ།
基础等待时间: 2.5秒
1. 输入文本...

翻译尝试 1/3
原文长度: 61 字符
原文: འདི་དག་ནི་ཁོ་ཚོ་ལ་འཇིགས་ཡེར་བ་ཞིག་དང་མགོ་རྙོག་ཐེབས་པ་ཞིག་རེད།
基础等待时间: 2.5秒
1. 输入文本...
翻译结果仍在变化，继续等待... (已等待0.0秒)
翻译结果仍在变化，继续等待... (已等待0.0秒)
翻译结果仍在变化，继续等待... (已等待0.0秒)
翻译结果稳定，总等待时间: 4.0秒
4. 获取翻译结果...
翻译结果稳定，总等待时间: 3.0秒
4. 获取翻译结果...
翻译成功 (长度: 20 字符)
结果: 它的产生必定不会久远而要迅速地归于灭亡。
翻译成功 (长度: 6 字符)
结果: 用念念而消。
翻译结果仍在变化，继续等待... (已等待0.0秒)

翻译尝试 1/3
原文长度: 31 字符
原文: ལེན་པའི་རྣམ་པར་ཤེས་པ་ཟབ་ཅིང་ཕྲ།
基础等待时间: 2.5秒
1. 输入文本...

翻译尝试 1/3
原文长度: 31 字符
原文: ཕངས་ཏོ་རེ་དབྱི་ཚབ་དང་ཁྱེད་གཉྀས།
基础等待时间: 2.5秒
1. 输入文本...

翻译尝试 1/3
原文长度: 90 字符
原文预览: གལ་ཏེ་ཕོག་ཐུག་བྱུང་ན་ཁྱེད་རང་ལ་ལྟ་བ་རྣམ་པར་དག་པ་ཡོད་བཞིན་དུ་དེའི་གོ་གྱོན་ཅིག་ཅེས...
基础等待时间: 4.0秒
1. 输入文本...
文本输入完成 (长度: 54 字符)
2. 点击翻译按钮...
文本输入完成 (长度: 61 字符)
2. 点击翻译按钮...
翻译结果稳定，总等待时间: 7.5秒
4. 获取翻译结果...
翻译结果稳定，总等待时间: 3.0秒
4. 获取翻译结果...
点击成功
3. 等待翻译...
等待翻译: 2.5秒
翻译结果验证失败: 结果过短 (26字符 vs 原文236字符)
当前结果: 然而，我不愿意这样安稳地坐着，说：“我不必死于今天！...
将重试...
翻译成功 (长度: 12 字符)
结果: 就像猪狗不clean一样
点击成功
3. 等待翻译...
等待翻译: 2.5秒
文本输入完成 (长度: 31 字符)
2. 点击翻译按钮...
文本输入完成 (长度: 31 字符)
2. 点击翻译按钮...
翻译结果仍在变化，继续等待... (已等待0.0秒)
翻译结果稳定，总等待时间: 5.5秒
4. 获取翻译结果...
翻译成功 (长度: 10 字符)
结果: 如同现在的眼识一样。
点击成功
3. 等待翻译...
等待翻译: 2.5秒
点击成功
3. 等待翻译...
等待翻译: 2.5秒

翻译尝试 1/3
原文长度: 113 字符
原文预览: ཇི་ཙམ་ན་ནོར་གྱིས་བྱིན་ཕྱིར་བྱུང་བ་དེ་ན་མཚན་བཟངས་ཀྱིས་ལྷུང་བཟེད་ཆུང་ངུ་བླངས་ཏེ་རང...
基础等待时间: 4.0秒
1. 输入文本...
文本输入完成 (长度: 90 字符)
2. 点击翻译按钮...

翻译尝试 1/3
原文长度: 57 字符
原文: གཤེན་རབ་མཆོག་དེ་བཞིན་གཤེགས་པ་དགྲ་བཅོམ་པ་ཡང་དག་པར་རྫོགས་པ།
基础等待时间: 2.5秒
1. 输入文本...

翻译尝试 1/3
原文长度: 23 字符
原文: རོ་ཙ་ནར་བཅས་བླངས་ནས་སུ།
基础等待时间: 1.5秒
1. 输入文本...
点击成功
3. 等待翻译...
等待翻译: 4.0秒
翻译结果仍在变化，继续等待... (已等待0.0秒)

翻译尝试 2/3
原文长度: 236 字符
原文预览: དུས་དེ་རིང་ཁོ་ན་ཙམ་ལའང་མི་འཆིའོ་ཞེས་སེམས་བག་ཕབ་སྟེ་བདེ་བར་འདུག་པ་འདི་ནི་རིགས་ཤིང...
基础等待时间: 6.0秒
1. 输入文本...
文本输入完成 (长度: 23 字符)
2. 点击翻译按钮...
翻译结果稳定，总等待时间: 4.0秒
4. 获取翻译结果...
翻译成功 (长度: 20 字符)
结果: 曼陀罗说：我听不懂那些话，然而智者却认为
文本输入完成 (长度: 57 字符)
2. 点击翻译按钮...
点击成功
3. 等待翻译...
等待翻译: 1.5秒
翻译结果稳定，总等待时间: 4.0秒
4. 获取翻译结果...
翻译成功 (长度: 8 字符)
结果: 其实质无有生灭。
文本输入完成 (长度: 113 字符)
2. 点击翻译按钮...
点击成功
3. 等待翻译...
等待翻译: 2.5秒
点击成功
3. 等待翻译...
等待翻译: 4.0秒
翻译结果稳定，总等待时间: 4.0秒
4. 获取翻译结果...
翻译成功 (长度: 17 字符)
结果: 栗子散布在堆或铺地板上或接近树叶。
翻译结果仍在变化，继续等待... (已等待0.0秒)
翻译结果稳定，总等待时间: 5.5秒
4. 获取翻译结果...
翻译成功 (长度: 28 字符)
结果: 第五个有为坐主的组合，叫做静虑的夜，乃是现在能打坐多久。
翻译结果稳定，总等待时间: 3.0秒
4. 获取翻译结果...
翻译成功 (长度: 5 字符)
结果: 差不多了。
翻译结果仍在变化，继续等待... (已等待0.0秒)
翻译结果稳定，总等待时间: 4.0秒
4. 获取翻译结果...
翻译结果仍在变化，继续等待... (已等待0.0秒)
翻译成功 (长度: 13 字符)
结果: 去西洼菜场的时间差不多了。
文本输入完成 (长度: 236 字符)
2. 点击翻译按钮...
点击成功
3. 等待翻译...
等待翻译: 6.0秒
翻译结果仍在变化，继续等待... (已等待0.0秒)
翻译结果稳定，总等待时间: 3.0秒
4. 获取翻译结果...

翻译尝试 1/3
原文长度: 49 字符
原文: དེའི་དོན་དུ་འཇིག་རྟེན་འདི་ཀོ་ཅི་སྟེ་རྣམ་པར་འཇོམས།
基础等待时间: 2.5秒
1. 输入文本...
翻译成功 (长度: 7 字符)
结果: 八十千名女子，
翻译结果仍在变化，继续等待... (已等待0.0秒)

翻译尝试 1/3
原文长度: 28 字符
原文: དོགས་པ་མེད་པར་བཟླས་བསྒོམ་བྱ།
基础等待时间: 1.5秒
1. 输入文本...
翻译结果仍在变化，继续等待... (已等待0.0秒)
翻译结果仍在变化，继续等待... (已等待0.0秒)
翻译结果仍在变化，继续等待... (已等待0.0秒)
文本输入完成 (长度: 28 字符)
2. 点击翻译按钮...
文本输入完成 (长度: 49 字符)
2. 点击翻译按钮...

翻译尝试 1/3
原文长度: 27 字符
原文: དེ་བཞིན་འདོད་བདེ་མི་གཙང་དུ།
基础等待时间: 1.5秒
1. 输入文本...
翻译结果稳定，总等待时间: 3.0秒
4. 获取翻译结果...

翻译尝试 1/3
原文长度: 79 字符
原文: གལ་ཏེ་རྒྱུད་ཐ་དད་པའི་མིག་གི་རྣམ་པར་ཤེས་པ་ལ་སོགས་པ་དག་། གིས་མ་ངེས་པ་ཉིད་དོ་ཞེ་ན།
基础等待时间: 2.5秒
1. 输入文本...
点击成功
3. 等待翻译...
等待翻译: 1.5秒
点击成功
3. 等待翻译...
等待翻译: 2.5秒
翻译成功 (长度: 10 字符)
结果: 是指把“为”吸收了。
翻译结果仍在变化，继续等待... (已等待0.0秒)
文本输入完成 (长度: 27 字符)
2. 点击翻译按钮...
点击成功
3. 等待翻译...
等待翻译: 1.5秒
翻译结果仍在变化，继续等待... (已等待0.0秒)
翻译结果仍在变化，继续等待... (已等待0.0秒)
文本输入完成 (长度: 79 字符)
2. 点击翻译按钮...
翻译结果仍在变化，继续等待... (已等待0.0秒)
翻译结果稳定，总等待时间: 4.0秒
4. 获取翻译结果...
点击成功
3. 等待翻译...
等待翻译: 2.5秒

翻译尝试 1/3
原文长度: 18 字符
原文: སང་རང་ཡུལ་དུ་བྱོན།
基础等待时间: 1.5秒
1. 输入文本...
翻译结果仍在变化，继续等待... (已等待0.0秒)
翻译成功 (长度: 17 字符)
结果: 有些人喜欢用“法”和“道”来形容。

翻译尝试 1/3
原文长度: 31 字符
原文: རྗེ་འབངས་ལྟ་བུའི་ལྟ་བས་ཁྱད་པར་༴
基础等待时间: 2.5秒
1. 输入文本...
翻译结果稳定，总等待时间: 4.0秒
4. 获取翻译结果...
翻译成功 (长度: 17 字符)
结果: 其中一只黑蜘蛛突然窜出墙头，乱跑。
翻译结果仍在变化，继续等待... (已等待0.0秒)
翻译结果稳定，总等待时间: 5.5秒
4. 获取翻译结果...
翻译成功 (长度: 22 字符)
结果: 在这种情况下，真有一个人能够保持心情愉快吗？
文本输入完成 (长度: 18 字符)
2. 点击翻译按钮...

翻译尝试 1/3
原文长度: 132 字符
原文预览: ཏ་ལའི་ལོ་མའི་རང་བཞིན་ལས་བྱས་པ་ལ་སྔར་སྨོས་པའི་ཚོགས་གཅིག་པུ་དབེན་པར་འདུག་སྟེ་འབུམ་...
基础等待时间: 4.0秒
1. 输入文本...
文本输入完成 (长度: 31 字符)
2. 点击翻译按钮...
点击成功
3. 等待翻译...
等待翻译: 1.5秒

翻译尝试 1/3
原文长度: 28 字符
原文: རིག་པ་འོད་ལ་འཇུག་པར་ཤེས་པའོ།
基础等待时间: 1.5秒
1. 输入文本...
翻译结果稳定，总等待时间: 5.5秒
4. 获取翻译结果...
   进度: 10/500 (2.0%)

翻译尝试 1/3
原文长度: 66 字符
原文: ཁྱོད་དུས་གསུམ་པོ་གང་རུང་གང་ཞིག་མ་འོངས་པ་དང་ད་ལྟོ་བ་མ་ཡིན་པའི་ཕྱིར།
基础等待时间: 2.5秒
1. 输入文本...
点击成功
3. 等待翻译...
等待翻译: 2.5秒
翻译结果验证失败: 结果过短 (24字符 vs 原文139字符)
当前结果: 于是，世间便因这种贪得无休止的欲望而分成了等级。...
将重试...
翻译结果稳定，总等待时间: 4.0秒
4. 获取翻译结果...
翻译成功 (长度: 13 字符)
结果: 如果那样，咋会不在我这儿？

翻译尝试 1/3
原文长度: 33 字符
原文: གངས་དཀར་རྩེ་ལ་འགྲོ་ན་རན་ཚོད་འདུག།
基础等待时间: 2.5秒
1. 输入文本...
翻译结果稳定，总等待时间: 4.0秒
4. 获取翻译结果...
翻译成功 (长度: 19 字符)
结果: 为了挽救它们的生命，佛祖吩咐观音菩萨。
翻译结果仍在变化，继续等待... (已等待0.0秒)
翻译结果稳定，总等待时间: 4.0秒
4. 获取翻译结果...
文本输入完成 (长度: 28 字符)
2. 点击翻译按钮...
翻译成功 (长度: 9 字符)
结果: 当仁共知如此说法。
翻译结果稳定，总等待时间: 5.5秒
4. 获取翻译结果...
翻译成功 (长度: 35 字符)
结果: 这里面虽然夹杂着许多难以置信的神话色彩，但实际上却是世界屋脊上的风景。
文本输入完成 (长度: 33 字符)
2. 点击翻译按钮...
点击成功
3. 等待翻译...
等待翻译: 1.5秒
文本输入完成 (长度: 132 字符)
2. 点击翻译按钮...
翻译结果仍在变化，继续等待... (已等待0.0秒)
文本输入完成 (长度: 66 字符)
2. 点击翻译按钮...
   进度: 10/500 (2.0%)

翻译尝试 1/3
原文长度: 29 字符
原文: གང་ཕྱིར་དུག་གིས་ཕན་གྱུར་སྐབས།
基础等待时间: 1.5秒
1. 输入文本...
点击成功
3. 等待翻译...
等待翻译: 2.5秒
点击成功
3. 等待翻译...
等待翻译: 4.0秒
点击成功
3. 等待翻译...
等待翻译: 2.5秒

翻译尝试 2/3
原文长度: 139 字符
原文预览: དེ་ནས་འཇིག་རྟེན་དུ་སོག་འཇོག་གི་སྐྱོན་གྱིས་མ་བྱིན་པར་ལེན་པ་ལ་སོགས་པ་ལ་ཞུགས་པས་རང་...
基础等待时间: 4.0秒
1. 输入文本...
翻译结果稳定，总等待时间: 3.0秒
4. 获取翻译结果...
翻译成功 (长度: 12 字符)
结果: （希腊）所取自罗札纳的。
翻译结果仍在变化，继续等待... (已等待0.0秒)
文本输入完成 (长度: 29 字符)
2. 点击翻译按钮...
翻译结果稳定，总等待时间: 4.0秒
4. 获取翻译结果...
翻译结果稳定，总等待时间: 4.0秒
4. 获取翻译结果...
点击成功
3. 等待翻译...
等待翻译: 1.5秒
翻译成功 (长度: 13 字符)
结果: 对视觉对象所作的某种反应。
翻译成功 (长度: 13 字符)
结果: 这些让他们感到惊讶和困惑。
   进度: 10/500 (2.0%)

翻译尝试 1/3
原文长度: 21 字符
原文: ཞེས་པ་དེ་སྡུད་པར་གདའ།
基础等待时间: 1.5秒
1. 输入文本...
翻译结果稳定，总等待时间: 4.0秒
4. 获取翻译结果...
翻译成功 (长度: 12 字符)
结果: 接纳的方式，细腻而深沉。
翻译结果稳定，总等待时间: 4.0秒
4. 获取翻译结果...
翻译成功 (长度: 7 字符)
结果: 庞道日伊代和你
文本输入完成 (长度: 139 字符)
2. 点击翻译按钮...
文本输入完成 (长度: 21 字符)
2. 点击翻译按钮...
翻译结果仍在变化，继续等待... (已等待0.0秒)
翻译结果稳定，总等待时间: 5.5秒
4. 获取翻译结果...
翻译结果验证失败: 结果过短 (19字符 vs 原文103字符)
当前结果: 有句俗话叫“没钱没得用”，厕所不好用。...
将重试...
点击成功
3. 等待翻译...
等待翻译: 4.0秒
点击成功
3. 等待翻译...
等待翻译: 1.5秒
翻译结果仍在变化，继续等待... (已等待0.0秒)
翻译结果仍在变化，继续等待... (已等待0.0秒)

翻译尝试 1/3
原文长度: 38 字符
原文: རི་མོའི་གཟུགས་འབྱོར་ན་བཞུགས་སུ་གསོལ་ལ།
基础等待时间: 2.5秒
1. 输入文本...

翻译尝试 1/3
原文长度: 79 字符
原文: དུས་དེར་ཐག་སྒྲ་ཞིག་དང་ཆབས་ཅིག་དུག་སྡོམ་དེ་གྱང་ངོས་སུ་འདམ་འབག་ཇི་བཞིན་སྦྱར་སོང་།
基础等待时间: 2.5秒
1. 输入文本...

翻译尝试 1/3
原文长度: 38 字符
原文: ད་ནི་ཁྱེད་རང་བཀའ་དྲིན་ཆེའོ་ཞེས་ཟེར་ནས།
基础等待时间: 2.5秒
1. 输入文本...
翻译结果仍在变化，继续等待... (已等待0.0秒)
翻译结果稳定，总等待时间: 4.0秒
4. 获取翻译结果...
翻译成功 (长度: 8 字符)
结果: 如来神，最高佛。
文本输入完成 (长度: 38 字符)
2. 点击翻译按钮...

翻译尝试 2/3
原文长度: 103 字符
原文预览: རྒྱུ་དང་ཐོབ་མེད་ན་སྤྱོད་ཁང་དེ་སྤྱོད་དཀའ་བར་འདུག་ཟེར་བའི་གཏམ་ཞིག་ཀུན་གྱི་རྣ་ཡིས་ཐ...
基础等待时间: 4.0秒
1. 输入文本...
翻译结果仍在变化，继续等待... (已等待0.0秒)
点击成功
3. 等待翻译...
等待翻译: 2.5秒
翻译结果仍在变化，继续等待... (已等待0.0秒)
文本输入完成 (长度: 38 字符)
2. 点击翻译按钮...
翻译结果稳定，总等待时间: 3.0秒
4. 获取翻译结果...
翻译成功 (长度: 8 字符)
结果: 无疑地，反复地。

翻译尝试 1/3
原文长度: 36 字符
原文: གཏམ་བཟང་པོ་མ་ཡིན་པ་ཟེར་ཞིང་འདུག་སྟེ།
基础等待时间: 2.5秒
1. 输入文本...
文本输入完成 (长度: 79 字符)
2. 点击翻译按钮...

翻译尝试 1/3
原文长度: 116 字符
原文预览: དེ་དག་སྲོག་བསྐྱབ་པའི་སླད་དུ་བཙེམ་ལྡན་འདས་ཀྱི་མ་བཀའ་དྲིན་དྲན་ཞིང་རབ་ཏུ་དགའ་བ་སྐྱེ...
基础等待时间: 4.0秒
1. 输入文本...
点击成功
3. 等待翻译...
等待翻译: 2.5秒
点击成功
3. 等待翻译...
等待翻译: 2.5秒

翻译尝试 1/3
原文长度: 33 字符
原文: སྔོན་གྱི་རྒྱལ་བ་ལ་བྱ་བ་བྱས་པ་དང་།
基础等待时间: 2.5秒
1. 输入文本...
翻译结果稳定，总等待时间: 3.0秒
4. 获取翻译结果...
翻译成功 (长度: 10 字符)
结果: 以及在性交中传播的。
文本输入完成 (长度: 36 字符)
2. 点击翻译按钮...

翻译尝试 1/3
原文长度: 81 字符
原文预览: འོན་ཀྱང་སྙན་ངག་ལ་དགོས་རྒྱུའི་རྣམ་འགྱུར་རམ་བྲོ་བ་དེ་འདོན་ཐུབ་པ་ཞིག་མི་ཡོང་བར་འདུག...
基础等待时间: 4.0秒
1. 输入文本...
文本输入完成 (长度: 103 字符)
2. 点击翻译按钮...
翻译结果仍在变化，继续等待... (已等待0.0秒)
点击成功
3. 等待翻译...
等待翻译: 2.5秒
点击成功
3. 等待翻译...
等待翻译: 4.0秒
翻译结果仍在变化，继续等待... (已等待0.0秒)
文本输入完成 (长度: 33 字符)
2. 点击翻译按钮...
   进度: 10/500 (2.0%)

翻译尝试 1/3
原文长度: 20 字符
原文: ཉལ་དང་མ་ཉལ་འདུག་པའམ།
基础等待时间: 1.5秒
1. 输入文本...
文本输入完成 (长度: 116 字符)
2. 点击翻译按钮...
点击成功
3. 等待翻译...
等待翻译: 2.5秒
翻译结果稳定，总等待时间: 5.5秒
4. 获取翻译结果...
文本输入完成 (长度: 81 字符)
2. 点击翻译按钮...
翻译成功 (长度: 13 字符)
结果: 如有不当，你有正见，勿误。
点击成功
3. 等待翻译...
等待翻译: 4.0秒
翻译结果仍在变化，继续等待... (已等待0.0秒)

翻译尝试 1/3
原文长度: 26 字符
原文: དེ་ཉིད་རང་གི་སྒྲ་མཐུན་པའི།
基础等待时间: 1.5秒
1. 输入文本...

翻译尝试 1/3
原文长度: 84 字符
原文预览: དམག་མི་རྣམས་འབྱོར་རྗེས་ཁྲོམ་སའི་ཚོང་ཟོག་གི་རིན་གོང་གང་མགྱོགས་ཀྱིས་འཕར་མགོ་ཚུགས་ས...
基础等待时间: 4.0秒
1. 输入文本...
点击成功
3. 等待翻译...
等待翻译: 4.0秒
文本输入完成 (长度: 20 字符)
2. 点击翻译按钮...
翻译结果稳定，总等待时间: 3.0秒
4. 获取翻译结果...
翻译结果稳定，总等待时间: 4.0秒
4. 获取翻译结果...
翻译成功 (长度: 5 字符)
结果: 请回家吧！
翻译成功 (长度: 10 字符)
结果: 为此而摧垮这个世界。
翻译结果仍在变化，继续等待... (已等待0.0秒)
   进度: 10/500 (2.0%)

翻译尝试 1/3
原文长度: 117 字符
原文预览: ཞེས་སོགས་དགོངས་གཞི་སྟོང་པ་ཉིད་དེ་ལ་དགོངས་ནས་ཚོགས་དྲུག་ལས་ངོ་བོ་དགོངས་འགྲེལ་ལས་ཀུ...
基础等待时间: 4.0秒
1. 输入文本...
   进度: 10/500 (2.0%)

翻译尝试 1/3
原文长度: 28 字符
原文: འབྲིང་ཏོ་རེ་སྦུང་བསྩན་ནྀ་ཤྀ།
基础等待时间: 1.5秒
1. 输入文本...
翻译结果仍在变化，继续等待... (已等待0.0秒)
点击成功
3. 等待翻译...
等待翻译: 1.5秒
文本输入完成 (长度: 26 字符)
2. 点击翻译按钮...
翻译结果稳定，总等待时间: 5.5秒
4. 获取翻译结果...
点击成功
3. 等待翻译...
等待翻译: 1.5秒
翻译结果验证失败: 结果过短 (13字符 vs 原文113字符)
当前结果: 过了一会儿，牛奶都盛完了。...
将重试...
文本输入完成 (长度: 84 字符)
2. 点击翻译按钮...
文本输入完成 (长度: 28 字符)
2. 点击翻译按钮...
点击成功
3. 等待翻译...
等待翻译: 4.0秒
翻译结果稳定，总等待时间: 3.0秒
4. 获取翻译结果...
翻译成功 (长度: 12 字符)
结果: 知道如何让智慧充满光明。
点击成功
3. 等待翻译...
等待翻译: 1.5秒
翻译结果稳定，总等待时间: 4.0秒
4. 获取翻译结果...
翻译成功 (长度: 21 字符)
结果: 如果异族的眼睛的这种灵魂等等，都是不定的。
文本输入完成 (长度: 117 字符)
2. 点击翻译按钮...
点击成功
3. 等待翻译...
等待翻译: 4.0秒

翻译尝试 1/3
原文长度: 57 字符
原文: གཤེན་རབ་མཆོག་དེ་བཞིན་གཤེགས་པ་དགྲ་བཅོམ་པ་ཡང་དག་པར་རྫོགས་པ།
基础等待时间: 2.5秒
1. 输入文本...

翻译尝试 2/3
原文长度: 113 字符
原文预览: ཇི་ཙམ་ན་ནོར་གྱིས་བྱིན་ཕྱིར་བྱུང་བ་དེ་ན་མཚན་བཟངས་ཀྱིས་ལྷུང་བཟེད་ཆུང་ངུ་བླངས་ཏེ་རང...
基础等待时间: 4.0秒
1. 输入文本...
翻译结果稳定，总等待时间: 3.0秒
4. 获取翻译结果...
翻译成功 (长度: 11 字符)
结果: 为什么毒药能起作用呢？
   进度: 10/500 (2.0%)

翻译尝试 1/3
原文长度: 29 字符
原文: ཇི་ལྟར་གསང་སྔགས་རྗེས་མཐུན་པར།
基础等待时间: 1.5秒
1. 输入文本...
翻译结果稳定，总等待时间: 4.0秒
4. 获取翻译结果...
翻译成功 (长度: 6 字符)
结果: 君臣之道区别
文本输入完成 (长度: 57 字符)
2. 点击翻译按钮...
翻译结果仍在变化，继续等待... (已等待0.0秒)
点击成功
3. 等待翻译...
等待翻译: 2.5秒
文本输入完成 (长度: 29 字符)
2. 点击翻译按钮...

翻译尝试 1/3
原文长度: 23 字符
原文: དེ་ལ་གཙང་སྦྲ་ཅན་སུ་དགའ།
基础等待时间: 1.5秒
1. 输入文本...
翻译结果仍在变化，继续等待... (已等待0.0秒)
翻译结果稳定，总等待时间: 3.0秒
4. 获取翻译结果...
文本输入完成 (长度: 113 字符)
2. 点击翻译按钮...
点击成功
3. 等待翻译...
等待翻译: 1.5秒
翻译成功 (长度: 6 字符)
结果: 即合为一字。
翻译结果仍在变化，继续等待... (已等待0.0秒)
点击成功
3. 等待翻译...
等待翻译: 4.0秒
文本输入完成 (长度: 23 字符)
2. 点击翻译按钮...
翻译结果稳定，总等待时间: 4.0秒
4. 获取翻译结果...
翻译结果仍在变化，继续等待... (已等待0.0秒)
翻译成功 (长度: 12 字符)
结果: 去冈格日山的时机已成熟。
翻译结果仍在变化，继续等待... (已等待0.0秒)
翻译结果稳定，总等待时间: 4.0秒
4. 获取翻译结果...
翻译成功 (长度: 25 字符)
结果: 你不能在任何时刻因为不是过去的或未来的而不在现在。
翻译结果仍在变化，继续等待... (已等待0.0秒)
点击成功
3. 等待翻译...
等待翻译: 1.5秒
   进度: 10/500 (2.0%)

翻译尝试 1/3
原文长度: 34 字符
原文: བོད་རངས་གླང་རངས་བས་ནི་འདོད་ཆགས་ཆེ།
基础等待时间: 2.5秒
1. 输入文本...
翻译结果仍在变化，继续等待... (已等待0.0秒)
翻译结果仍在变化，继续等待... (已等待0.0秒)
   进度: 10/500 (2.0%)

翻译尝试 1/3
原文长度: 98 字符
原文预览: དེའི་ཚེ་མེས་ཚོན་པོའི་གདན་འདྲེན་བྱུང་བས་ཐེགས་པར་འདུག་པ་ལ་གཙང་ལ་འགྲོ་བར་རང་ཡུལ་ན་ཕ...
基础等待时间: 4.0秒
1. 输入文本...
   进度: 10/500 (2.0%)

翻译尝试 1/3
原文长度: 126 字符
原文预览: འདི་ལྟར་རྫ་མཁན་གྱི་སོ་གཏོང་བ་ལ་གྲུབ་པ་མ་ངེས་ཤིང་གྲུབ་པ་རྣམས་ཀྱང་ངེས་པར་འཇིག་པ་དེ...
基础等待时间: 4.0秒
1. 输入文本...
翻译结果仍在变化，继续等待... (已等待0.0秒)
文本输入完成 (长度: 34 字符)
2. 点击翻译按钮...
翻译结果仍在变化，继续等待... (已等待0.0秒)
点击成功
3. 等待翻译...
等待翻译: 2.5秒
翻译结果仍在变化，继续等待... (已等待0.0秒)
文本输入完成 (长度: 98 字符)
2. 点击翻译按钮...

翻译尝试 1/3
原文长度: 50 字符
原文: མ་པང་དུ་བུ་འཇུག་པ་ལྟ་བུའི་ཐབས་མཆོག་ཏུ་དྲན་པར་བྱའོ།
基础等待时间: 2.5秒
1. 输入文本...
文本输入完成 (长度: 126 字符)
2. 点击翻译按钮...

翻译尝试 1/3
原文长度: 75 字符
原文: དེ་ལྟར་རེ་ཞིག་རྒྱུ་ཡིན་པར་གྱུར་པས་འབྲས་བུ་ཡིན་པར་གྱུར་པ་མི་བྱེད་པར་བསྟན་ཏོ།
基础等待时间: 2.5秒
1. 输入文本...
点击成功
3. 等待翻译...
等待翻译: 4.0秒
点击成功
3. 等待翻译...
等待翻译: 4.0秒
文本输入完成 (长度: 50 字符)
2. 点击翻译按钮...
翻译结果稳定，总等待时间: 7.5秒
4. 获取翻译结果...
翻译成功 (长度: 64 字符)
结果: 唯独今天，唯独今日，安然无忧，这是不可思议的，不可相信的，因为我所要消失的时刻，必然地、无疑地要到来，而这时刻，不一定会在今夜。
点击成功
3. 等待翻译...
等待翻译: 2.5秒
翻译结果仍在变化，继续等待... (已等待0.0秒)

翻译尝试 1/3
原文长度: 80 字符
原文: ཟས་མཆོག་ཀྱང་ནི་སྦྱིན་མི་སུམ་ཅུ་པའི་འགྲེལ་བཤད། ། བྱ་སྦྲུལ་སོས་རེག་པའི་སོར་མོ་བཅད།
基础等待时间: 2.5秒
1. 输入文本...
翻译结果稳定，总等待时间: 4.0秒
4. 获取翻译结果...
文本输入完成 (长度: 75 字符)
2. 点击翻译按钮...
翻译成功 (长度: 8 字符)
结果: 图形收到请留意。
   进度: 10/500 (2.0%)

翻译尝试 1/3
原文长度: 34 字符
原文: ཨུ་པ་དག་ལས་ཡོ་ག་ཁྱད་པར་འཕགས་པ་ཡང་།
基础等待时间: 2.5秒
1. 输入文本...
翻译结果稳定，总等待时间: 5.5秒
4. 获取翻译结果...
点击成功
3. 等待翻译...
等待翻译: 2.5秒
翻译成功 (长度: 37 字符)
结果: 棕榈叶的本性就是能使人远离上述群体，数十万次念诵，会变得如同上帝一般聪明。
翻译结果稳定，总等待时间: 3.0秒
4. 获取翻译结果...
翻译结果稳定，总等待时间: 4.0秒
4. 获取翻译结果...
翻译成功 (长度: 8 字符)
结果: 睡觉还是不睡觉？
翻译成功 (长度: 6 字符)
结果: 现在说谢谢你
翻译结果仍在变化，继续等待... (已等待0.0秒)
翻译结果稳定，总等待时间: 4.0秒
4. 获取翻译结果...
翻译成功 (长度: 21 字符)
结果: 就在这时，一声撞击声随着毒蜘蛛粘在了墙上。
文本输入完成 (长度: 34 字符)
2. 点击翻译按钮...
翻译结果稳定，总等待时间: 3.0秒
4. 获取翻译结果...
文本输入完成 (长度: 80 字符)
2. 点击翻译按钮...

翻译尝试 1/3
原文长度: 21 字符
原文: ཞེས་པ་དེ་སྡུད་པར་གདའ།
基础等待时间: 1.5秒
1. 输入文本...
翻译成功 (长度: 7 字符)
结果: 它本身的同音字
翻译结果仍在变化，继续等待... (已等待0.0秒)
点击成功
3. 等待翻译...
等待翻译: 2.5秒
点击成功
3. 等待翻译...
等待翻译: 2.5秒
翻译结果稳定，总等待时间: 4.0秒
4. 获取翻译结果...
翻译结果稳定，总等待时间: 3.0秒
4. 获取翻译结果...
翻译成功 (长度: 7 字符)
结果: 不吉利的消息。
   进度: 10/500 (2.0%)

翻译尝试 1/3
原文长度: 32 字符
原文: སྒོམ་ཆེན་ཡང་ཁྱེད་རང་བདེན་བསམ་ནས།
基础等待时间: 2.5秒
1. 输入文本...
翻译成功 (长度: 6 字符)
结果: 点上一根烟。

翻译尝试 1/3
原文长度: 7 字符
原文: དེར་ཐལ།
基础等待时间: 1.5秒
1. 输入文本...
文本输入完成 (长度: 21 字符)
2. 点击翻译按钮...
翻译结果稳定，总等待时间: 4.0秒
4. 获取翻译结果...
翻译结果仍在变化，继续等待... (已等待0.0秒)
翻译结果仍在变化，继续等待... (已等待0.0秒)
翻译成功 (长度: 8 字符)
结果: 曾为佛陀做过事。
翻译结果稳定，总等待时间: 5.5秒
4. 获取翻译结果...
翻译成功 (长度: 36 字符)
结果: 于是，世界上由贪婪的关系转变到无差别的关系，人也从一个等级到另一个等级。
点击成功
3. 等待翻译...
等待翻译: 1.5秒
翻译结果仍在变化，继续等待... (已等待0.0秒)
文本输入完成 (长度: 32 字符)
2. 点击翻译按钮...
文本输入完成 (长度: 7 字符)
2. 点击翻译按钮...
点击成功
3. 等待翻译...
等待翻译: 2.5秒
点击成功
3. 等待翻译...
等待翻译: 1.5秒
翻译结果仍在变化，继续等待... (已等待0.0秒)
翻译结果稳定，总等待时间: 3.0秒
4. 获取翻译结果...
翻译成功 (长度: 9 字符)
结果: 怎样符合密语后缀？
翻译结果仍在变化，继续等待... (已等待0.0秒)
翻译结果仍在变化，继续等待... (已等待0.0秒)
翻译结果稳定，总等待时间: 3.0秒
4. 获取翻译结果...

翻译尝试 1/3
原文长度: 56 字符
原文: འདུག་པའི་གནས་དང་ཉལ་བའི་མལ་འདོད་པ་ལ་གནས་དང་མལ་བཟང་པོ་དང་།
基础等待时间: 2.5秒
1. 输入文本...
翻译成功 (长度: 8 字符)
结果: 谁喜欢它干净点？
   进度: 10/500 (2.0%)

翻译尝试 1/3
原文长度: 61 字符
原文: དེའི་འོད་ཟེར་གྱི་རྩེ་མོ་ལས་ཀྱང་དེ་བཞིན་གཞེགས་པ་རྣམས་སྤྲུལ་ཏེ།
基础等待时间: 2.5秒
1. 输入文本...
翻译结果稳定，总等待时间: 5.5秒
4. 获取翻译结果...
翻译结果验证失败: 结果过短 (18字符 vs 原文103字符)
当前结果: 人家有句俗语：没了家底，厕所难上用。...
将重试...
   进度: 10/500 (2.0%)

翻译尝试 1/3
原文长度: 207 字符
原文预览: དུར་ཁྲོད་ཇི་ལྟ་བ་དེ་བཞིན་དུ་རི་བོ་ལ་སོགས་པ་ལ་ཡང་གཅིག་པུ་དབེན་པར་འདུག་སྟེ་བསྒྲུབ་...
基础等待时间: 6.0秒
1. 输入文本...

翻译尝试 1/3
原文长度: 16 字符
原文: མུཊྒ་མཱ་ཥ་ཙ་ན་ཀ།
基础等待时间: 1.5秒
1. 输入文本...

翻译尝试 1/3
原文长度: 42 字符
原文: འོ་ན་བྲག་ཁུང་རང་ལ་འཚམས་འདྲི་ཞིག་བྱ་སྙམ་ནས།
基础等待时间: 2.5秒
1. 输入文本...
文本输入完成 (长度: 56 字符)
2. 点击翻译按钮...

翻译尝试 1/3
原文长度: 70 字符
原文: ཁོས་གཞི་ནས་ཨ་སྟག་གིས་ལག་ཏུ་བུད་ཤིང་ཞིག་བཟུང་ནས་གན་དུ་འགྲེང་འདུག་པ་ཚོར།
基础等待时间: 2.5秒
1. 输入文本...
翻译结果稳定，总等待时间: 5.5秒
4. 获取翻译结果...
翻译结果稳定，总等待时间: 4.0秒
4. 获取翻译结果...
点击成功
3. 等待翻译...
等待翻译: 2.5秒
翻译结果仍在变化，继续等待... (已等待0.0秒)
翻译成功 (长度: 26 字符)
结果: 为了救他们的命，佛祖的命令他们很高兴地去到佛祖那里。
翻译成功 (长度: 9 字符)
结果: 正如舍利子佛一样。
翻译结果仍在变化，继续等待... (已等待0.0秒)
   进度: 10/500 (2.0%)

翻译尝试 1/3
原文长度: 82 字符
原文预览: བྱེད་པ་པོ་སོགས་ཀྱི་ཀུན་སློང་གི་ཁྱད་པར་ལྟར་ལས་སུ་བྱ་བ་དང་དགོས་ཆེད་ཀྱི་དབྱེ་བ་བཞག་...
基础等待时间: 4.0秒
1. 输入文本...
文本输入完成 (长度: 61 字符)
2. 点击翻译按钮...
翻译结果稳定，总等待时间: 5.5秒
4. 获取翻译结果...
文本输入完成 (长度: 16 字符)
2. 点击翻译按钮...
翻译成功 (长度: 17 字符)
结果: 但却不能发挥诗的应有的表情和味道。
文本输入完成 (长度: 42 字符)
2. 点击翻译按钮...
翻译结果仍在变化，继续等待... (已等待0.0秒)
点击成功
3. 等待翻译...
等待翻译: 2.5秒
   进度: 10/500 (2.0%)

翻译尝试 1/3
原文长度: 61 字符
原文: དེ་ཕྱི་དེ་ཉིན་པར་དོན་བྱ་བའི་སར་འདུག་ནས་བློན་པོ་རྣམས་ལ་སྨྲས་པ།
基础等待时间: 2.5秒
1. 输入文本...
翻译结果仍在变化，继续等待... (已等待0.0秒)

翻译尝试 1/3
原文长度: 38 字符
原文: ལ་མོ་ཆག་པ་ཕྲུམ་དུ་པྱག་ཐབ་ཀྱང་གསོལ་ཆིག།
基础等待时间: 2.5秒
1. 输入文本...

翻译尝试 3/3
原文长度: 103 字符
原文预览: རྒྱུ་དང་ཐོབ་མེད་ན་སྤྱོད་ཁང་དེ་སྤྱོད་དཀའ་བར་འདུག་ཟེར་བའི་གཏམ་ཞིག་ཀུན་གྱི་རྣ་ཡིས་ཐ...
基础等待时间: 4.0秒
1. 输入文本...
翻译结果仍在变化，继续等待... (已等待0.0秒)
点击成功
3. 等待翻译...
等待翻译: 1.5秒
点击成功
3. 等待翻译...
等待翻译: 2.5秒
文本输入完成 (长度: 70 字符)
2. 点击翻译按钮...
   进度: 10/500 (2.0%)

翻译尝试 1/3
原文长度: 13 字符
原文: བསྟན་པར་བྱའོ།
基础等待时间: 1.5秒
1. 输入文本...
点击成功
3. 等待翻译...
等待翻译: 2.5秒

翻译尝试 1/3
原文长度: 25 字符
原文: ལས་གང་གིས་ནི་འཚོ་འགྱུར་བ།
基础等待时间: 1.5秒
1. 输入文本...
文本输入完成 (长度: 82 字符)
2. 点击翻译按钮...
文本输入完成 (长度: 38 字符)
2. 点击翻译按钮...
文本输入完成 (长度: 207 字符)
2. 点击翻译按钮...
点击成功
3. 等待翻译...
等待翻译: 4.0秒
文本输入完成 (长度: 61 字符)
2. 点击翻译按钮...
翻译结果稳定，总等待时间: 5.5秒
4. 获取翻译结果...
翻译结果仍在变化，继续等待... (已等待0.0秒)
点击成功
3. 等待翻译...
等待翻译: 2.5秒
翻译结果仍在变化，继续等待... (已等待0.0秒)
翻译成功 (长度: 22 字符)
结果: 士兵们到达后，市场上的商品价格开始迅速上涨。
点击成功
3. 等待翻译...
等待翻译: 6.0秒
文本输入完成 (长度: 13 字符)
2. 点击翻译按钮...
点击成功
3. 等待翻译...
等待翻译: 2.5秒
文本输入完成 (长度: 25 字符)
2. 点击翻译按钮...
文本输入完成 (长度: 103 字符)
2. 点击翻译按钮...
点击成功
3. 等待翻译...
等待翻译: 1.5秒
点击成功
3. 等待翻译...
等待翻译: 1.5秒
翻译结果稳定，总等待时间: 5.5秒
4. 获取翻译结果...
点击成功
3. 等待翻译...
等待翻译: 4.0秒
翻译结果稳定，总等待时间: 4.0秒
4. 获取翻译结果...
翻译成功 (长度: 24 字符)
结果: 六道解脱性质的释释，亦为根性之说，亦为正义之说。
翻译成功 (长度: 8 字符)
结果: 藏族人性情大变。

翻译尝试 1/3
原文长度: 26 字符
原文: ཟླ་དྲུང་ངེས་ཏེ་གཞན་མིན་པར།
基础等待时间: 1.5秒
1. 输入文本...
翻译结果仍在变化，继续等待... (已等待0.0秒)
翻译结果仍在变化，继续等待... (已等待0.0秒)
翻译结果仍在变化，继续等待... (已等待0.0秒)

翻译尝试 1/3
原文长度: 62 字符
原文: གཉེན་གྱི་སྐྱེ་བོ་ཡོངས་སུ་ཟད་ཅིང་མགོན་མེད་པ་ལ་ཟས་རྙེད་པར་དཀའ་བ།
基础等待时间: 2.5秒
1. 输入文本...
文本输入完成 (长度: 26 字符)
2. 点击翻译按钮...
翻译结果稳定，总等待时间: 3.0秒
4. 获取翻译结果...
点击成功
3. 等待翻译...
等待翻译: 1.5秒
翻译结果稳定，总等待时间: 4.0秒
4. 获取翻译结果...
翻译成功 (长度: 8 字符)
结果: 并收纳上面所说的
翻译成功 (长度: 15 字符)
结果: 要想像做子入母体一样的绝妙办法
翻译结果稳定，总等待时间: 5.5秒
4. 获取翻译结果...
翻译结果仍在变化，继续等待... (已等待0.0秒)
翻译成功 (长度: 27 字符)
结果: 一只牛犊跑出来了。圣女拿起小篮子，放在了牛犊的篮子里。
翻译结果稳定，总等待时间: 3.0秒
4. 获取翻译结果...
翻译成功 (长度: 4 字符)
结果: 差一点。
翻译结果稳定，总等待时间: 4.0秒
4. 获取翻译结果...
翻译成功 (长度: 14 字符)
结果: 但愿不要那样，勿使成为果实。
文本输入完成 (长度: 62 字符)
2. 点击翻译按钮...
   进度: 10/500 (2.0%)

翻译尝试 1/3
原文长度: 47 字符
原文: ཐལ་མོ་སྦྱར་དེབཅོམ་ལྡན་འདས་ལ་འད་སྐད་ཅེས་གསོལ་ཏོ།
基础等待时间: 2.5秒
1. 输入文本...
   进度: 10/500 (2.0%)

翻译尝试 1/3
原文长度: 57 字符
原文: གཤེན་རབ་མཆོག་དེ་བཞིན་གཤེགས་པ་དགྲ་བཅོམ་པ་ཡང་དག་པར་རྫོགས་པ།
基础等待时间: 2.5秒
1. 输入文本...
点击成功
3. 等待翻译...
等待翻译: 2.5秒
   进度: 10/500 (2.0%)

翻译尝试 1/3
原文长度: 75 字符
原文: དལ་པོ་མ་གཏོགས་ལྷ་ལམ་དུ་འགྲོ་མི་ཐུབ་པར་འདུག་ཅེས་སོགས་དངོས་མིང་ནས་མི་གསུང་བར།
基础等待时间: 2.5秒
1. 输入文本...
翻译结果稳定，总等待时间: 4.0秒
4. 获取翻译结果...
翻译结果稳定，总等待时间: 4.0秒
4. 获取翻译结果...
翻译成功 (长度: 12 字符)
结果: 瑜伽比所有的奥巴达更高。
翻译成功 (长度: 23 字符)
结果: 食物是供给，三十颗牙齿解释，鸟蛇用它的爪钩住。
文本输入完成 (长度: 47 字符)
2. 点击翻译按钮...
翻译结果仍在变化，继续等待... (已等待0.0秒)
翻译结果仍在变化，继续等待... (已等待0.0秒)
文本输入完成 (长度: 57 字符)
2. 点击翻译按钮...
点击成功
3. 等待翻译...
等待翻译: 2.5秒
翻译结果仍在变化，继续等待... (已等待0.0秒)
文本输入完成 (长度: 75 字符)
2. 点击翻译按钮...
点击成功
3. 等待翻译...
等待翻译: 2.5秒
点击成功
3. 等待翻译...
等待翻译: 2.5秒
   进度: 10/500 (2.0%)

翻译尝试 1/3
原文长度: 35 字符
原文: དེ་མིན་གྱི་ཚོང་ཙག་ཅིག་རྒྱག་མཁན་རེད།
基础等待时间: 2.5秒
1. 输入文本...
翻译结果仍在变化，继续等待... (已等待0.0秒)
翻译结果稳定，总等待时间: 5.5秒
4. 获取翻译结果...
翻译结果稳定，总等待时间: 4.0秒
4. 获取翻译结果...
翻译结果仍在变化，继续等待... (已等待0.0秒)
翻译成功 (长度: 29 字符)
结果: 那时候，美村大娘请吃饭，洗澡都得自己做，家里还有老父老母。
翻译成功 (长度: 9 字符)
结果: 禅师也以为你是对的
翻译结果稳定，总等待时间: 5.5秒
4. 获取翻译结果...
翻译成功 (长度: 45 字符)
结果: 就像烧制者所说，未完成的东西是未定的，完成了的东西是必定要灭亡的，世间的一切物质都是如此。

翻译尝试 1/3
原文长度: 23 字符
原文: ཞེས་དགོངས་ཏེ་གསུངས་པ་ལ།
基础等待时间: 1.5秒
1. 输入文本...

翻译尝试 1/3
原文长度: 34 字符
原文: བོང་རངས་གླང་རངས་པས་ནི་འདོད་ཆགས་ཆེ།
基础等待时间: 2.5秒
1. 输入文本...
文本输入完成 (长度: 35 字符)
2. 点击翻译按钮...
翻译结果仍在变化，继续等待... (已等待0.0秒)
点击成功
3. 等待翻译...
等待翻译: 2.5秒
翻译结果仍在变化，继续等待... (已等待0.0秒)
翻译结果仍在变化，继续等待... (已等待0.0秒)
文本输入完成 (长度: 23 字符)
2. 点击翻译按钮...
文本输入完成 (长度: 34 字符)
2. 点击翻译按钮...
翻译结果仍在变化，继续等待... (已等待0.0秒)
翻译结果稳定，总等待时间: 3.0秒
4. 获取翻译结果...
点击成功
3. 等待翻译...
等待翻译: 1.5秒
点击成功
3. 等待翻译...
等待翻译: 2.5秒
翻译成功 (长度: 3 字符)
结果: 猬羚。

翻译尝试 1/3
原文长度: 50 字符
原文: གླེང་མ་སླང་བར་རྒྱུད་དོན་གསུངས་ནས་འདུག་པའི་ཕྱིར་རོ།
基础等待时间: 2.5秒
1. 输入文本...
   进度: 10/500 (2.0%)

翻译尝试 1/3
原文长度: 109 字符
原文预览: དེའང་འདིར་དབྱིངས་ཀྱི་ཡོན་ཏན་མཐར་མ་ཕྱིན་པས་རྩལ་མ་རྫོགས་ཞེས་ཡེ་ཤེས་བཞི་སྦྱོར་གྱི་ད...
基础等待时间: 4.0秒
1. 输入文本...

翻译尝试 1/3
原文长度: 60 字符
原文: དགེ་སློང་ཁྱོད་ཀྱིས་བསམ་པ་ཇི་ལྟ་བུས་ལྷུང་བཟེད་ཆུང་ངུ་དེ་བླངས།
基础等待时间: 2.5秒
1. 输入文本...

翻译尝试 1/3
原文长度: 70 字符
原文: ཁྱོད་ཀྱི་མ་འོངས་པ་དང་ད་ལྟ་བར་འགམ་ཞེས་ཡང་འཇུག་མེད་པ་དེ་ཐོབ་པའི་ཕྱིར་རོ།
基础等待时间: 2.5秒
1. 输入文本...
   进度: 10/500 (2.0%)

翻译尝试 1/3
原文长度: 63 字符
原文: རྣམ་པ་གཉིས་སུ་སྨྲ་བ་དག་གི་ཕྱོགས་ལ་ཡང་གཉི་གའི་སྐྱོན་དུ་འགྱུར་རོ།
基础等待时间: 2.5秒
1. 输入文本...
文本输入完成 (长度: 50 字符)
2. 点击翻译按钮...
翻译结果稳定，总等待时间: 3.0秒
4. 获取翻译结果...
翻译成功 (长度: 4 字符)
结果: 展开说。
翻译结果稳定，总等待时间: 3.0秒
4. 获取翻译结果...
翻译成功 (长度: 9 字符)
结果: 哪一种业是生存的？
点击成功
3. 等待翻译...
等待翻译: 2.5秒
翻译结果稳定，总等待时间: 4.0秒
4. 获取翻译结果...
翻译成功 (长度: 18 字符)
结果: 想坐的地方和睡觉的床；好的位子和床。
文本输入完成 (长度: 60 字符)
2. 点击翻译按钮...
文本输入完成 (长度: 109 字符)
2. 点击翻译按钮...
文本输入完成 (长度: 70 字符)
2. 点击翻译按钮...
文本输入完成 (长度: 63 字符)
2. 点击翻译按钮...

翻译尝试 1/3
原文长度: 25 字符
原文: རང་གི་ཡོན་ཏན་བརྗོད་མི་བྱ།
基础等待时间: 1.5秒
1. 输入文本...

翻译尝试 1/3
原文长度: 35 字符
原文: བྱ་རྩོལ་མེད་པར་བསྒྲུབས་པས་སྒྲུབ་པ་༴
基础等待时间: 2.5秒
1. 输入文本...
翻译结果稳定，总等待时间: 4.0秒
4. 获取翻译结果...
点击成功
3. 等待翻译...
等待翻译: 2.5秒
翻译成功 (长度: 18 字符)
结果: 光芒的顶端也能变成它们所支撑的东西。
点击成功
3. 等待翻译...
等待翻译: 4.0秒
翻译结果稳定，总等待时间: 4.0秒
4. 获取翻译结果...
点击成功
3. 等待翻译...
等待翻译: 2.5秒
翻译成功 (长度: 13 字符)
结果: 于是他便想去拜访一下山洞。
点击成功
3. 等待翻译...
等待翻译: 2.5秒
翻译结果仍在变化，继续等待... (已等待0.0秒)
翻译结果稳定，总等待时间: 4.0秒
4. 获取翻译结果...
文本输入完成 (长度: 25 字符)
2. 点击翻译按钮...
文本输入完成 (长度: 35 字符)
2. 点击翻译按钮...
翻译成功 (长度: 19 字符)
结果: 他才发现阿达手里拿着一把柴火站在那里。
翻译结果仍在变化，继续等待... (已等待0.0秒)
点击成功
3. 等待翻译...
等待翻译: 1.5秒
翻译结果稳定，总等待时间: 3.0秒
4. 获取翻译结果...
点击成功
3. 等待翻译...
等待翻译: 2.5秒
翻译成功 (长度: 10 字符)
结果: 月亮不再是别的什么。
翻译结果稳定，总等待时间: 4.0秒
4. 获取翻译结果...

翻译尝试 1/3
原文长度: 28 字符
原文: ལམ་བལ་པོའི་མཐིལ་དུ་ཕྱིན་ཙ་ན།
基础等待时间: 1.5秒
1. 输入文本...

翻译尝试 1/3
原文长度: 52 字符
原文: ཞུས་པའི་བསྒྲུབ་པ་བྱས་པས་ཐུགས་དམ་བཟང་པོ་བྱུང་འདུག་གོ།
基础等待时间: 2.5秒
1. 输入文本...
翻译成功 (长度: 10 字符)
结果: 请把烤的脆骨也切碎。
翻译结果稳定，总等待时间: 4.0秒
4. 获取翻译结果...
翻译成功 (长度: 14 字符)
结果: 次日站在事务所里对大臣们说。
翻译结果仍在变化，继续等待... (已等待0.0秒)

翻译尝试 1/3
原文长度: 25 字符
原文: བྱས་ཤིང་དངོས་པོ་ཐམས་ཅད་ལ།
基础等待时间: 1.5秒
1. 输入文本...
翻译结果仍在变化，继续等待... (已等待0.0秒)
翻译结果仍在变化，继续等待... (已等待0.0秒)
文本输入完成 (长度: 28 字符)
2. 点击翻译按钮...
翻译结果仍在变化，继续等待... (已等待0.0秒)
翻译结果仍在变化，继续等待... (已等待0.0秒)
文本输入完成 (长度: 25 字符)
2. 点击翻译按钮...
文本输入完成 (长度: 52 字符)
2. 点击翻译按钮...
点击成功
3. 等待翻译...
等待翻译: 1.5秒
点击成功
3. 等待翻译...
等待翻译: 1.5秒
点击成功
3. 等待翻译...
等待翻译: 2.5秒

翻译尝试 1/3
原文长度: 23 字符
原文: རོ་ཡི་གདན་ལ་འདུག་པ་དང་།
基础等待时间: 1.5秒
1. 输入文本...
翻译结果仍在变化，继续等待... (已等待0.0秒)
文本输入完成 (长度: 23 字符)
2. 点击翻译按钮...
点击成功
3. 等待翻译...
等待翻译: 1.5秒
翻译结果仍在变化，继续等待... (已等待0.0秒)

翻译尝试 1/3
原文长度: 13 字符
原文: བསྟན་པར་བྱའོ།
基础等待时间: 1.5秒
1. 输入文本...
   进度: 10/500 (2.0%)

翻译尝试 1/3
原文长度: 40 字符
原文: གང་གི་ཕྱིར་རུས་བཞི་པོ་བྲམ་ཟེའི་རིགས་དང་།
基础等待时间: 2.5秒
1. 输入文本...

翻译尝试 1/3
原文长度: 28 字符
原文: མདུན་དུ་འདུག་སྟེ་བཤགས་པར་བྱ།
基础等待时间: 1.5秒
1. 输入文本...
翻译结果稳定，总等待时间: 4.0秒
4. 获取翻译结果...
翻译成功 (长度: 12 字符)
结果: 亲属穷困无助，难于谋食。
翻译结果稳定，总等待时间: 5.5秒
4. 获取翻译结果...
翻译成功 (长度: 10 字符)
结果: 行为主体的动机不同。
翻译结果仍在变化，继续等待... (已等待0.0秒)
文本输入完成 (长度: 13 字符)
2. 点击翻译按钮...

翻译尝试 1/3
原文长度: 57 字符
原文: རྩིབས་དྲུག་གི་ཡི་གེ་ནི་རིག་པ་དྲུག་གི་ཁ་དོག་གི་རིམ་པ་བནནོ།
基础等待时间: 2.5秒
1. 输入文本...
文本输入完成 (长度: 40 字符)
2. 点击翻译按钮...
点击成功
3. 等待翻译...
等待翻译: 1.5秒
   进度: 10/500 (2.0%)

翻译尝试 1/3
原文长度: 59 字符
原文: ཁོ་རང་ཡིད་གདུང་བ་དང་ཞོར་དུ་ཁོང་ཁྲོ་མེ་འབར་བ་འདྲ་ཞིག་ལངས་པས།
基础等待时间: 2.5秒
1. 输入文本...
文本输入完成 (长度: 28 字符)
2. 点击翻译按钮...
点击成功
3. 等待翻译...
等待翻译: 2.5秒
翻译结果稳定，总等待时间: 3.0秒
4. 获取翻译结果...
翻译成功 (长度: 4 字符)
结果: 师傅说。
翻译结果稳定，总等待时间: 5.5秒
4. 获取翻译结果...
翻译结果验证失败: 结果过短 (19字符 vs 原文103字符)
当前结果: 有句俗话叫做“没钱没事，厕所难上用”，...
达到最大重试次数
翻译结果稳定，总等待时间: 4.0秒
4. 获取翻译结果...
点击成功
3. 等待翻译...
等待翻译: 1.5秒
翻译结果仍在变化，继续等待... (已等待0.0秒)
   进度: 10/500 (2.0%)

翻译尝试 1/3
原文长度: 82 字符
原文预览: ངའི་ཨ་མ་དུག་སྡོམ་ལ་ཧ་ཅང་སྐྲག་ཨ་སྟག་གིས་ཁོར་དགོངས་དག་ཞུ་བའི་མིག་མདངས་ཀྱིས་བལྟས་ཡོ...
基础等待时间: 4.0秒
1. 输入文本...
翻译成功 (长度: 8 字符)
结果: 合掌说：佛祖啊！
翻译结果稳定，总等待时间: 4.0秒
4. 获取翻译结果...
翻译结果仍在变化，继续等待... (已等待0.0秒)
翻译成功 (长度: 10 字符)
结果: 如来佛祖，法成正觉。
文本输入完成 (长度: 57 字符)
2. 点击翻译按钮...

翻译尝试 1/3
原文长度: 27 字符
原文: མཁས་པས་ངེས་པར་བསྒོམས་ནས་ནི།
基础等待时间: 1.5秒
1. 输入文本...
翻译结果仍在变化，继续等待... (已等待0.0秒)
翻译结果稳定，总等待时间: 4.0秒
4. 获取翻译结果...
翻译成功 (长度: 9 字符)
结果: 会慢慢地才能上天，

翻译尝试 1/3
原文长度: 22 字符
原文: ཡར་མོ་ནི་ཆུ་ཐུངས་ཀྱིས།
基础等待时间: 1.5秒
1. 输入文本...
文本输入完成 (长度: 59 字符)
2. 点击翻译按钮...
翻译结果仍在变化，继续等待... (已等待0.0秒)
翻译结果仍在变化，继续等待... (已等待0.0秒)
点击成功
3. 等待翻译...
等待翻译: 2.5秒

翻译尝试 1/3
原文长度: 89 字符
原文预览: དེ་ཡིད་དགའ་བ་སྐྱེས་ནས་རྒྱལ་པོ་ལ་རྒྱལ་བ་དང་ཚེ་སྤེལ་བ་བྱས་ནས་ཇི་ལྟར་སྒོ་བའི་གནས་སུ...
基础等待时间: 4.0秒
1. 输入文本...
翻译结果仍在变化，继续等待... (已等待0.0秒)
翻译结果仍在变化，继续等待... (已等待0.0秒)
点击成功
3. 等待翻译...
等待翻译: 2.5秒
文本输入完成 (长度: 82 字符)
2. 点击翻译按钮...
文本输入完成 (长度: 27 字符)
2. 点击翻译按钮...
文本输入完成 (长度: 22 字符)
2. 点击翻译按钮...
点击成功
3. 等待翻译...
等待翻译: 4.0秒
点击成功
3. 等待翻译...
等待翻译: 1.5秒
翻译结果稳定，总等待时间: 4.0秒
4. 获取翻译结果...
翻译结果仍在变化，继续等待... (已等待0.5秒)
点击成功
3. 等待翻译...
等待翻译: 1.5秒
翻译结果仍在变化，继续等待... (已等待0.0秒)
翻译成功 (长度: 6 字符)
结果: 做点别的生意
文本输入完成 (长度: 89 字符)
2. 点击翻译按钮...
翻译结果仍在变化，继续等待... (已等待0.0秒)
点击成功
3. 等待翻译...
等待翻译: 4.0秒
翻译结果稳定，总等待时间: 4.0秒
4. 获取翻译结果...
翻译成功 (长度: 9 字符)
结果: 丑陋的男人都很色。
翻译结果仍在变化，继续等待... (已等待1.0秒)
翻译结果稳定，总等待时间: 3.0秒
4. 获取翻译结果...
翻译成功 (长度: 6 字符)
结果: 不自夸知识。
翻译结果仍在变化，继续等待... (已等待0.0秒)
翻译结果仍在变化，继续等待... (已等待0.0秒)
翻译结果仍在变化，继续等待... (已等待0.0秒)
   进度: 10/500 (2.0%)

翻译尝试 1/3
原文长度: 28 字符
原文: ཐོས་པར་གྱུར་ནས་ཆགས་བྲལ་རྣམས།
基础等待时间: 1.5秒
1. 输入文本...
翻译结果稳定，总等待时间: 4.0秒
4. 获取翻译结果...
翻译成功 (长度: 10 字符)
结果: 就是不惹事，讲道理。

翻译尝试 1/3
原文长度: 87 字符
原文预览: འདིར་ཕྱོགས་མཚམས་སྟོན་པའི་མིང་ཞེས་པ་ནི་ཁྱད་གཞི་བརྗོད་པའི་མིང་གི་ནང་གསེས་ཤར་ལྷོ་ནུ...
基础等待时间: 4.0秒
1. 输入文本...
翻译结果仍在变化，继续等待... (已等待1.5秒)
翻译结果稳定，总等待时间: 3.0秒
4. 获取翻译结果...
翻译结果仍在变化，继续等待... (已等待0.0秒)
翻译成功 (长度: 8 字符)
结果: 走到尼泊尔边境。
翻译结果稳定，总等待时间: 4.0秒
4. 获取翻译结果...
翻译结果稳定，总等待时间: 3.0秒
4. 获取翻译结果...
翻译成功 (长度: 17 字符)
结果: 和尚你是怎么想的才会拿这个小篮子。
文本输入完成 (长度: 28 字符)
2. 点击翻译按钮...
翻译成功 (长度: 4 字符)
结果: 所有物。
翻译结果稳定，总等待时间: 4.0秒
4. 获取翻译结果...

翻译尝试 1/3
原文长度: 37 字符
原文: རྒྱན་བློ་ཞན་པ་རྣམས་ཀྱིས་དེ་མི་ཤེས་པར།
基础等待时间: 2.5秒
1. 输入文本...
翻译成功 (长度: 20 字符)
结果: 为获得你所说的现在和未来之间的“空隙”。
翻译结果稳定，总等待时间: 4.0秒
4. 获取翻译结果...

翻译尝试 1/3
原文长度: 127 字符
原文预览: ཁ་སང་ཉིན་གུང་ནས་འཁྲིད་འཕྲོར་ལུས་པའི་སྣོད་ཅ་རྣམས་གོ་རིམ་མེད་པར་བཞག་འདུག་པས་ཁང་མིག...
基础等待时间: 4.0秒
1. 输入文本...
翻译成功 (长度: 16 字符)
结果: 在两分论者那一边，也是两害并举。

翻译尝试 1/3
原文长度: 78 字符
原文: བཅོམ་ལྡན་འདས་ཀྱི་བཀའ་དྲིན་ཆེན་པོས་བདག་ཅག་གི་ཚ་སྲོག་ལྷག་མ་ཙམ་ཞིག་ལུས་བར་གྱུར་ན།
基础等待时间: 2.5秒
1. 输入文本...
点击成功
3. 等待翻译...
等待翻译: 1.5秒
文本输入完成 (长度: 87 字符)
2. 点击翻译按钮...
翻译结果仍在变化，继续等待... (已等待0.0秒)

翻译尝试 1/3
原文长度: 57 字符
原文: གཤེན་རབ་མཆོག་དེ་བཞིན་གཤེགས་པ་དགྲ་བཅོམ་པ་ཡང་དག་པར་རྫོགས་པ།
基础等待时间: 2.5秒
1. 输入文本...
翻译结果仍在变化，继续等待... (已等待0.0秒)

翻译尝试 1/3
原文长度: 36 字符
原文: རང་རང་སོ་སོའི་སྤྱོད་པ་བསྐྱངས་ན་ལེགས།
基础等待时间: 2.5秒
1. 输入文本...
点击成功
3. 等待翻译...
等待翻译: 4.0秒
文本输入完成 (长度: 37 字符)
2. 点击翻译按钮...
翻译结果仍在变化，继续等待... (已等待2.0秒)
翻译结果稳定，总等待时间: 4.0秒
4. 获取翻译结果...
翻译成功 (长度: 11 字符)
结果: 没有动作来完成而完成。
翻译结果稳定，总等待时间: 3.0秒
4. 获取翻译结果...
点击成功
3. 等待翻译...
等待翻译: 2.5秒
翻译成功 (长度: 8 字符)
结果: 躺在尸体的垫子上
翻译结果仍在变化，继续等待... (已等待0.0秒)
文本输入完成 (长度: 78 字符)
2. 点击翻译按钮...
文本输入完成 (长度: 36 字符)
2. 点击翻译按钮...
文本输入完成 (长度: 127 字符)
2. 点击翻译按钮...
文本输入完成 (长度: 57 字符)
2. 点击翻译按钮...
点击成功
3. 等待翻译...
等待翻译: 2.5秒
点击成功
3. 等待翻译...
等待翻译: 2.5秒

翻译尝试 1/3
原文长度: 64 字符
原文: ལྟ་ས་བ་ཚོས་རང་གི་འཚོ་བ་བསྐྱལ་ཐབས་ཤིག་རྙེད་ཀྱི་ཡོད་དམ་བསམས་པ་རེད།
基础等待时间: 2.5秒
1. 输入文本...
点击成功
3. 等待翻译...
等待翻译: 4.0秒
点击成功
3. 等待翻译...
等待翻译: 2.5秒
翻译结果仍在变化，继续等待... (已等待2.5秒)
翻译结果仍在变化，继续等待... (已等待0.0秒)
翻译结果仍在变化，继续等待... (已等待0.0秒)
翻译结果稳定，总等待时间: 4.0秒
4. 获取翻译结果...
翻译结果稳定，总等待时间: 3.0秒
4. 获取翻译结果...

翻译尝试 1/3
原文长度: 67 字符
原文: ཞེས་པ་ལྟ་བ་དང་སྤྱོད་པ་ནོར་འདུག་པས་ཡི་གེ་མ་དག་པའི་སྐྱོན་ཡིན་པ་འདྲའོ།
基础等待时间: 2.5秒
1. 输入文本...
翻译成功 (长度: 13 字符)
结果: 按照指示办事，心情好得多。
翻译成功 (长度: 5 字符)
结果: 应当示明。
文本输入完成 (长度: 64 字符)
2. 点击翻译按钮...
翻译结果稳定，总等待时间: 3.0秒
4. 获取翻译结果...
翻译成功 (长度: 7 字符)
结果: 坐在前面做忏悔
点击成功
3. 等待翻译...
等待翻译: 2.5秒

翻译尝试 1/3
原文长度: 20 字符
原文: ཁ་ན་མ་ཐོ་གང་ཞིག་གིས།
基础等待时间: 1.5秒
1. 输入文本...
翻译结果仍在变化，继续等待... (已等待3.0秒)
文本输入完成 (长度: 67 字符)
2. 点击翻译按钮...
翻译结果稳定，总等待时间: 5.5秒
4. 获取翻译结果...
翻译成功 (长度: 26 字符)
结果: 此亦四谛之义，取于如来之四明：不曾圆满，未具备成就。
点击成功
3. 等待翻译...
等待翻译: 2.5秒
翻译结果仍在变化，继续等待... (已等待0.0秒)
文本输入完成 (长度: 20 字符)
2. 点击翻译按钮...

翻译尝试 1/3
原文长度: 19 字符
原文: ཞེས་པ་དེར་གདའ་ཞིང་།
基础等待时间: 1.5秒
1. 输入文本...
点击成功
3. 等待翻译...
等待翻译: 1.5秒
翻译结果稳定，总等待时间: 3.0秒
4. 获取翻译结果...
翻译成功 (长度: 9 字符)
结果: 智者必须专心致志。
翻译结果稳定，总等待时间: 3.0秒
4. 获取翻译结果...

翻译尝试 1/3
原文长度: 23 字符
原文: བལ་བོད་མཚམས་སུ་ཐོན་ཙ་ན།
基础等待时间: 1.5秒
1. 输入文本...
翻译成功 (长度: 7 字符)
结果: 雅穆尼是水蜥。
翻译结果仍在变化，继续等待... (已等待3.5秒)
   进度: 10/500 (2.0%)

翻译尝试 1/3
原文长度: 56 字符
原文: ཡང་དགེ་སློང་གི་གླ་རྔན་གྱི་ལས་མི་བྱ་བར་འདི་ལྟར་ལག་པོད་དམ།
基础等待时间: 2.5秒
1. 输入文本...

翻译尝试 1/3
原文长度: 24 字符
原文: ངེས་པར་གྲུབ་པ་ཡོད་མ་ཡིན།
基础等待时间: 1.5秒
1. 输入文本...
文本输入完成 (长度: 19 字符)
2. 点击翻译按钮...

翻译尝试 1/3
原文长度: 11 字符
原文: ཁ་ཅིག་ན་རེ།
基础等待时间: 1.5秒
1. 输入文本...

翻译尝试 1/3
原文长度: 30 字符
原文: དེའི་ཕྱིར་གང་དག་ན་རེ་མེད་པ་ནི།
基础等待时间: 1.5秒
1. 输入文本...
翻译结果稳定，总等待时间: 4.0秒
4. 获取翻译结果...
翻译成功 (长度: 9 字符)
结果: 为什么四姓是梵家？
点击成功
3. 等待翻译...
等待翻译: 1.5秒
文本输入完成 (长度: 23 字符)
2. 点击翻译按钮...
文本输入完成 (长度: 24 字符)
2. 点击翻译按钮...
文本输入完成 (长度: 11 字符)
2. 点击翻译按钮...
点击成功
3. 等待翻译...
等待翻译: 1.5秒

翻译尝试 1/3
原文长度: 75 字符
原文: ཞེས་གསུངས་སོ། ། དཔལ་ཡང་དག་ཧེ་རུ་ཀ་གལྤིའི་རྒྱུད་ལས་ལུང་འདྲེན་ཁོལ་བཏུས་བཞུགས།
基础等待时间: 2.5秒
1. 输入文本...
文本输入完成 (长度: 30 字符)
2. 点击翻译按钮...
文本输入完成 (长度: 56 字符)
2. 点击翻译按钮...
点击成功
3. 等待翻译...
等待翻译: 1.5秒
点击成功
3. 等待翻译...
等待翻译: 1.5秒
翻译结果仍在变化，继续等待... (已等待4.0秒)

翻译尝试 1/3
原文长度: 33 字符
原文: ༀཧི་ལི་བེ་རོ་ཙ་ནཱི་ཧི་ལི་ཧ་ཱུཾ་ཕཊ།
基础等待时间: 2.5秒
1. 输入文本...
翻译结果稳定，总等待时间: 4.0秒
4. 获取翻译结果...
点击成功
3. 等待翻译...
等待翻译: 1.5秒
翻译成功 (长度: 14 字符)
结果: 六芒字是六种智慧的颜色次序。
点击成功
3. 等待翻译...
等待翻译: 2.5秒
翻译结果稳定，总等待时间: 4.0秒
4. 获取翻译结果...
翻译成功 (长度: 7 字符)
结果: 他悲伤而又愤怒
翻译结果仍在变化，继续等待... (已等待0.0秒)
文本输入完成 (长度: 33 字符)
2. 点击翻译按钮...
文本输入完成 (长度: 75 字符)
2. 点击翻译按钮...
点击成功
3. 等待翻译...
等待翻译: 2.5秒
点击成功
3. 等待翻译...
等待翻译: 2.5秒
翻译结果仍在变化，继续等待... (已等待4.5秒)
翻译结果仍在变化，继续等待... (已等待0.0秒)
翻译结果仍在变化，继续等待... (已等待0.0秒)

翻译尝试 1/3
原文长度: 36 字符
原文: བང་རང་ཡང་མདུན་མའི་པོ་ཏི་རྒྱབ་ལ་འཁུར།
基础等待时间: 2.5秒
1. 输入文本...

翻译尝试 1/3
原文长度: 13 字符
原文: བསྟན་པར་བྱའོ།
基础等待时间: 1.5秒
1. 输入文本...
翻译结果仍在变化，继续等待... (已等待0.0秒)
翻译结果稳定，总等待时间: 3.0秒
4. 获取翻译结果...
   进度: 10/500 (2.0%)

翻译尝试 1/3
原文长度: 14 字符
原文: འདུག་ཀྱང་རུང་།
基础等待时间: 1.5秒
1. 输入文本...
翻译成功 (长度: 8 字符)
结果: 听闻后解除贪恋。
翻译结果仍在变化，继续等待... (已等待0.0秒)
翻译结果仍在变化，继续等待... (已等待0.0秒)
翻译结果仍在变化，继续等待... (已等待0.0秒)
文本输入完成 (长度: 36 字符)
2. 点击翻译按钮...
文本输入完成 (长度: 13 字符)
2. 点击翻译按钮...
点击成功
3. 等待翻译...
等待翻译: 2.5秒
点击成功
3. 等待翻译...
等待翻译: 1.5秒

翻译尝试 1/3
原文长度: 96 字符
原文预览: བློ་རྩིང་བ་དག་བྱ་བ་གྲུབ་པའི་སྣང་བ་མེད་འོད་གཉིས་འདུས་ཀྱི་གདངས་ཆ་ཙམ་དུ་ཡོད་པར་ཐེག་...
基础等待时间: 4.0秒
1. 输入文本...
翻译结果仍在变化，继续等待... (已等待5.0秒)
文本输入完成 (长度: 14 字符)
2. 点击翻译按钮...
点击成功
3. 等待翻译...
等待翻译: 1.5秒
翻译结果仍在变化，继续等待... (已等待0.0秒)

翻译尝试 1/3
原文长度: 27 字符
原文: རིམ་པར་སྦྱོར་བའི་རིམ་པ་དང་།
基础等待时间: 1.5秒
1. 输入文本...
翻译结果仍在变化，继续等待... (已等待0.0秒)
翻译结果仍在变化，继续等待... (已等待0.0秒)

翻译尝试 1/3
原文长度: 23 字符
原文: ཡར་མོ་ནི་ཞེང་ཆུངས་ཀྱིས།
基础等待时间: 1.5秒
1. 输入文本...
文本输入完成 (长度: 96 字符)
2. 点击翻译按钮...
翻译结果仍在变化，继续等待... (已等待0.0秒)
翻译结果仍在变化，继续等待... (已等待0.0秒)
翻译结果仍在变化，继续等待... (已等待0.0秒)
翻译结果仍在变化，继续等待... (已等待5.5秒)
点击成功
3. 等待翻译...
等待翻译: 4.0秒
翻译结果仍在变化，继续等待... (已等待0.0秒)

翻译尝试 1/3
原文长度: 25 字符
原文: མི་མོ་རྣམས་ཡིད་གཡོ་བ་སྟེ།
基础等待时间: 1.5秒
1. 输入文本...
文本输入完成 (长度: 27 字符)
2. 点击翻译按钮...
文本输入完成 (长度: 23 字符)
2. 点击翻译按钮...
点击成功
3. 等待翻译...
等待翻译: 1.5秒
翻译结果稳定，总等待时间: 5.5秒
4. 获取翻译结果...
翻译成功 (长度: 23 字符)
结果: 我妈妈很怕蜘蛛，阿达用他最诚恳的眼神看着蜘蛛。
点击成功
3. 等待翻译...
等待翻译: 1.5秒
翻译结果仍在变化，继续等待... (已等待0.0秒)
文本输入完成 (长度: 25 字符)
2. 点击翻译按钮...

翻译尝试 1/3
原文长度: 94 字符
原文预览: སླར་ལགོ་ནས་རིག་པ་ཇི་ལྟ་བ་བཞིན་དུ་འགྱུར་ཏེ་རྡོརྗེ་དབྱིངས་ཀྱི་དཀྱིལ་འཁོར་ཆེན་པོ་རང...
基础等待时间: 4.0秒
1. 输入文本...
点击成功
3. 等待翻译...
等待翻译: 1.5秒
翻译结果仍在变化，继续等待... (已等待6.0秒)
翻译结果稳定，总等待时间: 4.0秒
4. 获取翻译结果...
翻译结果稳定，总等待时间: 5.5秒
4. 获取翻译结果...

翻译尝试 1/3
原文长度: 62 字符
原文: གལ་ཏེ་རང་དགར་འདུག་པའི་སེང་གེ་ཞིག་འབྲི་བར་ཧྭ་སྒོར་ཉི་ཤུ་དགོས་ལ།
基础等待时间: 2.5秒
1. 输入文本...
翻译成功 (长度: 8 字符)
结果: 只有少数人知道。
翻译成功 (长度: 23 字符)
结果: 它高兴地向国王宣布胜利并庆贺生日怎么样在门前。
翻译结果仍在变化，继续等待... (已等待0.0秒)
翻译结果稳定，总等待时间: 4.0秒
4. 获取翻译结果...
翻译成功 (长度: 18 字符)
结果: 愿佛恩之力，保佑我们剩下的一点生命。
翻译结果稳定，总等待时间: 4.0秒
4. 获取翻译结果...
翻译成功 (长度: 11 字符)
结果: 各人应保持自己的风格。
翻译结果稳定，总等待时间: 4.0秒
4. 获取翻译结果...
翻译结果稳定，总等待时间: 3.0秒
4. 获取翻译结果...
翻译成功 (长度: 15 字符)
结果: 一切善缘，皆归于佛祖无上正觉。
翻译成功 (长度: 7 字符)
结果: 什么卡纳马托？
文本输入完成 (长度: 94 字符)
2. 点击翻译按钮...
翻译结果仍在变化，继续等待... (已等待0.0秒)
文本输入完成 (长度: 62 字符)
2. 点击翻译按钮...
翻译结果仍在变化，继续等待... (已等待0.0秒)
点击成功
3. 等待翻译...
等待翻译: 4.0秒
翻译结果仍在变化，继续等待... (已等待6.5秒)
点击成功
3. 等待翻译...
等待翻译: 2.5秒
翻译结果仍在变化，继续等待... (已等待0.0秒)

翻译尝试 1/3
原文长度: 28 字符
原文: འདི་ན་འཛེམ་པར་བྱེད་པར་འགྱུར།
基础等待时间: 1.5秒
1. 输入文本...
翻译结果稳定，总等待时间: 3.0秒
4. 获取翻译结果...
翻译成功 (长度: 9 字符)
结果: 亦称“水火法术”。
翻译结果稳定，总等待时间: 3.0秒
4. 获取翻译结果...
翻译结果仍在变化，继续等待... (已等待0.0秒)
翻译结果稳定，总等待时间: 4.0秒
4. 获取翻译结果...
翻译结果仍在变化，继续等待... (已等待0.0秒)
翻译成功 (长度: 12 字符)
结果: 走到尼泊尔和西藏交界处。
翻译成功 (长度: 18 字符)
结果: 参观者是否会找到一个让他们生活的方式
翻译结果稳定，总等待时间: 3.0秒
4. 获取翻译结果...
翻译成功 (长度: 8 字符)
结果: 不是一定要完成。
翻译结果稳定，总等待时间: 3.0秒
4. 获取翻译结果...
文本输入完成 (长度: 28 字符)
2. 点击翻译按钮...
翻译成功 (长度: 4 字符)
结果: 有人说：
翻译结果稳定，总等待时间: 3.0秒
4. 获取翻译结果...
翻译结果仍在变化，继续等待... (已等待7.0秒)
翻译成功 (长度: 8 字符)
结果: 所以，哪些说没有
翻译结果稳定，总等待时间: 4.0秒
4. 获取翻译结果...
点击成功
3. 等待翻译...
等待翻译: 1.5秒
翻译成功 (长度: 14 字符)
结果: 也许是说错了，或是用错了词。
翻译结果仍在变化，继续等待... (已等待0.0秒)
翻译结果仍在变化，继续等待... (已等待0.0秒)
翻译结果稳定，总等待时间: 5.5秒
4. 获取翻译结果...
翻译成功 (长度: 18 字符)
结果: 这里的指示地名是指主体词的内外方位。
翻译结果仍在变化，继续等待... (已等待0.5秒)
翻译结果仍在变化，继续等待... (已等待0.0秒)
翻译结果仍在变化，继续等待... (已等待0.0秒)
翻译结果仍在变化，继续等待... (已等待7.5秒)

翻译尝试 1/3
原文长度: 37 字符
原文: ཁོས་རང་གིས་ཀྱང་ཅི་ཞིག་ལབ་སོང་བ་མ་ཤེས།
基础等待时间: 2.5秒
1. 输入文本...
翻译结果稳定，总等待时间: 5.5秒
4. 获取翻译结果...
翻译成功 (长度: 28 字符)
结果: 昨天中午剩下的东西乱七八糟地放在那里，下楼没有地方踩脚。
翻译结果仍在变化，继续等待... (已等待1.0秒)
翻译结果稳定，总等待时间: 3.0秒
4. 获取翻译结果...

翻译尝试 1/3
原文长度: 19 字符
原文: དོན་འགྲེལ་གསུངས་སོ།
基础等待时间: 1.5秒
1. 输入文本...

翻译尝试 1/3
原文长度: 24 字符
原文: དེ་ཅང་མི་སྨྲ་བར་འདུག་གོ།
基础等待时间: 1.5秒
1. 输入文本...
翻译成功 (长度: 4 字符)
结果: 应施教。
文本输入完成 (长度: 37 字符)
2. 点击翻译按钮...
翻译结果稳定，总等待时间: 4.0秒
4. 获取翻译结果...
翻译成功 (长度: 19 字符)
结果: 又是不是有个叫高强的师傅做的这个动作？
翻译结果仍在变化，继续等待... (已等待8.0秒)
点击成功
3. 等待翻译...
等待翻译: 2.5秒
翻译结果稳定，总等待时间: 3.0秒
4. 获取翻译结果...

翻译尝试 1/3
原文长度: 64 字符
原文: ཡང་འདི་སྙམ་དུ་རྒན་མོ་མ་སྣང་གསུམ་པོ་འོད་སྔོན་ལེགས་པ་ཅི་ཞིག་བགྱིས།
基础等待时间: 2.5秒
1. 输入文本...
翻译成功 (长度: 5 字符)
结果: 坐着也好。

翻译尝试 1/3
原文长度: 36 字符
原文: གོམས་པའི་ཤུགས་འདི་བཟློག་ཐབས་མི་འདུག།
基础等待时间: 2.5秒
1. 输入文本...
文本输入完成 (长度: 19 字符)
2. 点击翻译按钮...
文本输入完成 (长度: 24 字符)
2. 点击翻译按钮...

翻译尝试 1/3
原文长度: 24 字符
原文: བཅོམ་པ་ཡང་དག་པར་རྫོགས་པ།
基础等待时间: 1.5秒
1. 输入文本...

翻译尝试 1/3
原文长度: 26 字符
原文: རང་གི་རྒྱུད་ལ་མཐོང་གྱུར་ན།
基础等待时间: 1.5秒
1. 输入文本...
翻译结果仍在变化，继续等待... (已等待1.5秒)
点击成功
3. 等待翻译...
等待翻译: 1.5秒
点击成功
3. 等待翻译...
等待翻译: 1.5秒
翻译结果稳定，总等待时间: 4.0秒
4. 获取翻译结果...
翻译成功 (长度: 19 字符)
结果: 白杨德惠（印度神父）记载摘自《圣经》。
文本输入完成 (长度: 36 字符)
2. 点击翻译按钮...
文本输入完成 (长度: 24 字符)
2. 点击翻译按钮...
翻译结果仍在变化，继续等待... (已等待8.5秒)
文本输入完成 (长度: 26 字符)
2. 点击翻译按钮...
文本输入完成 (长度: 64 字符)
2. 点击翻译按钮...
翻译结果仍在变化，继续等待... (已等待0.0秒)

翻译尝试 1/3
原文长度: 28 字符
原文: གཞུང་དོན་དང་བཅས་པ་ལ་འདུག་གོ།
基础等待时间: 1.5秒
1. 输入文本...
点击成功
3. 等待翻译...
等待翻译: 2.5秒
点击成功
3. 等待翻译...
等待翻译: 1.5秒
点击成功
3. 等待翻译...
等待翻译: 1.5秒
点击成功
3. 等待翻译...
等待翻译: 2.5秒
翻译结果稳定，总等待时间: 3.0秒
4. 获取翻译结果...
翻译结果稳定，总等待时间: 3.0秒
4. 获取翻译结果...
翻译成功 (长度: 12 字符)
结果: （数学）逐步分开的分组。
翻译成功 (长度: 6 字符)
结果: 雅姆是窄的。

翻译尝试 1/3
原文长度: 28 字符
原文: ཡུལ་ལ་སྟོད་ཚོ་བཞིར་ཕྱིན་ཙ་ན།
基础等待时间: 1.5秒
1. 输入文本...

翻译尝试 1/3
原文长度: 35 字符
原文: ཡིན་ན་ཡང་ངའི་སྤྱི་སོ་ཡིས་བྱས་པ་རེད།
基础等待时间: 2.5秒
1. 输入文本...

翻译尝试 1/3
原文长度: 24 字符
原文: ངེས་པར་གོར་མ་ཆག་པར་འཇིག།
基础等待时间: 1.5秒
1. 输入文本...
翻译结果仍在变化，继续等待... (已等待2.0秒)
翻译结果稳定，总等待时间: 4.0秒
4. 获取翻译结果...

翻译尝试 1/3
原文长度: 55 字符
原文: སྔོན་འཇུག་གི་ཤིན་ཏུ་མོ་མ་ཡིག་གིས་འཕུལ་བའི་ལས་ཚིག་ཡིན་ན།
基础等待时间: 2.5秒
1. 输入文本...
文本输入完成 (长度: 28 字符)
2. 点击翻译按钮...
翻译成功 (长度: 8 字符)
结果: 我又背上前面的包

翻译尝试 1/3
原文长度: 93 字符
原文预览: མི་སྐྱེ་སྟེ་མེད་པའི་ཕྱིར་དཔེར་ན་རི་བོང་གི་རྭ་བཞིན་ནོ་ཞེས་ཟེར་བ་དེ་ནི་གྲུབ་པ་ལ་སྒ...
基础等待时间: 4.0秒
1. 输入文本...
翻译结果稳定，总等待时间: 3.0秒
4. 获取翻译结果...
翻译结果仍在变化，继续等待... (已等待0.0秒)
翻译成功 (长度: 5 字符)
结果: 令人惊异。

翻译尝试 1/3
原文长度: 63 字符
原文: པཎྜི་ཏས་ཕྲག་དོག་བྱས་ནས་ཁོ་རང་ཅོག་བུ་ཕུབ་ནས་ཡི་གེ་འབྲི་ཡིས་འདུག།
基础等待时间: 2.5秒
1. 输入文本...
点击成功
3. 等待翻译...
等待翻译: 1.5秒
翻译结果仍在变化，继续等待... (已等待9.0秒)
文本输入完成 (长度: 28 字符)
2. 点击翻译按钮...
文本输入完成 (长度: 35 字符)
2. 点击翻译按钮...
文本输入完成 (长度: 24 字符)
2. 点击翻译按钮...
点击成功
3. 等待翻译...
等待翻译: 1.5秒
点击成功
3. 等待翻译...
等待翻译: 2.5秒

翻译尝试 1/3
原文长度: 35 字符
原文: རང་རེའི་སྐད་ལ་མིང་འདི་རིགས་སུ་མ་ཟད།
基础等待时间: 2.5秒
1. 输入文本...
点击成功
3. 等待翻译...
等待翻译: 1.5秒
文本输入完成 (长度: 55 字符)
2. 点击翻译按钮...
翻译结果仍在变化，继续等待... (已等待0.0秒)
翻译结果仍在变化，继续等待... (已等待2.5秒)
文本输入完成 (长度: 93 字符)
2. 点击翻译按钮...
点击成功
3. 等待翻译...
等待翻译: 2.5秒
文本输入完成 (长度: 63 字符)
2. 点击翻译按钮...
点击成功
3. 等待翻译...
等待翻译: 4.0秒
文本输入完成 (长度: 35 字符)
2. 点击翻译按钮...
点击成功
3. 等待翻译...
等待翻译: 2.5秒
翻译结果仍在变化，继续等待... (已等待9.5秒)

翻译尝试 1/3
原文长度: 5 字符
原文: ཨ་ཙི།
基础等待时间: 1.5秒
1. 输入文本...
点击成功
3. 等待翻译...
等待翻译: 2.5秒
翻译结果仍在变化，继续等待... (已等待0.0秒)
翻译结果仍在变化，继续等待... (已等待0.0秒)

翻译尝试 1/3
原文长度: 13 字符
原文: བསྟན་པར་བྱའོ།
基础等待时间: 1.5秒
1. 输入文本...
翻译结果仍在变化，继续等待... (已等待3.0秒)

翻译尝试 1/3
原文长度: 58 字符
原文: དགེ་སློང་གིས་གླ་རྔན་གྱིས་ལས་བྱེད་ན་འགལ་ཚབས་ཅན་དུ་འགྱུར་རོ།
基础等待时间: 2.5秒
1. 输入文本...
文本输入完成 (长度: 5 字符)
2. 点击翻译按钮...
达到最大额外等待时间 (10秒)
4. 获取翻译结果...

翻译尝试 1/3
原文长度: 245 字符
原文预览: དེ་ཡང་དགོས་ཆེད་ཀྱིས་བྱང་སེམས་བཏང་ཚུལ་བས་ཀྱང་སླར་བླངས་བ་ཡིན་པར་གསུངས་གཉིས་པ་འདི་ཡ...
基础等待时间: 6.0秒
1. 输入文本...
点击成功
3. 等待翻译...
等待翻译: 1.5秒
翻译成功 (长度: 567 字符)
结果预览: 像在墓地那样在山里或在其他任何地方独自一人，独自进行或独自信仰，或独自做或独自想，或独自想象或独自行使或独自做或独自使用或独自拥有或独自成为，或独自希望或独自相信，或独自做或独自想，或独自觉得或独自觉...
翻译结果稳定，总等待时间: 3.0秒
4. 获取翻译结果...
翻译成功 (长度: 7 字符)
结果: 这将变得很可怕
翻译结果仍在变化，继续等待... (已等待0.0秒)
翻译结果仍在变化，继续等待... (已等待0.0秒)
文本输入完成 (长度: 13 字符)
2. 点击翻译按钮...
点击成功
3. 等待翻译...
等待翻译: 1.5秒

翻译尝试 1/3
原文长度: 27 字符
原文: བདེན་པའི་དགོངས་པ་ཤེས་པར་བྱ།
基础等待时间: 1.5秒
1. 输入文本...
文本输入完成 (长度: 58 字符)
2. 点击翻译按钮...
翻译结果仍在变化，继续等待... (已等待0.0秒)
翻译结果仍在变化，继续等待... (已等待3.5秒)
点击成功
3. 等待翻译...
等待翻译: 2.5秒
翻译结果稳定，总等待时间: 4.0秒
4. 获取翻译结果...
翻译结果仍在变化，继续等待... (已等待0.0秒)
翻译结果仍在变化，继续等待... (已等待0.0秒)
翻译成功 (长度: 17 字符)
结果: 如果画一只闲坐的狮子要花20华元。
文本输入完成 (长度: 27 字符)
2. 点击翻译按钮...

翻译尝试 1/3
原文长度: 31 字符
原文: གནས་ཀྱི་རྣལ་འབྱོར་རྗེས་མཐུན་པར།
基础等待时间: 2.5秒
1. 输入文本...
翻译结果仍在变化，继续等待... (已等待0.0秒)

翻译尝试 1/3
原文长度: 46 字符
原文: ཁྱོད་གྱིས་ནྀ་ང་མ་གཏང་། ང་འྀས་ནི་ཁྱོད་མྱྀ་གཏང་།
基础等待时间: 2.5秒
1. 输入文本...
点击成功
3. 等待翻译...
等待翻译: 1.5秒
翻译结果仍在变化，继续等待... (已等待0.0秒)

翻译尝试 1/3
原文长度: 35 字符
原文: དལ་འབྱོར་ཚེ་འདི་ཙམ་ཐུབ་མི་འདུག་སྟེ།
基础等待时间: 2.5秒
1. 输入文本...
翻译结果稳定，总等待时间: 5.5秒
4. 获取翻译结果...
文本输入完成 (长度: 245 字符)
2. 点击翻译按钮...
翻译结果仍在变化，继续等待... (已等待4.0秒)

翻译尝试 1/3
原文长度: 40 字符
原文: བུད་མེད་རྣམས་ལ་འཁྲུལ་པ་མཐོང་བའི་ཕྱིར་རོ།
基础等待时间: 2.5秒
1. 输入文本...
翻译成功 (长度: 38 字符)
结果: 粗心大意，工作不成其事的现象，仅仅是二光合合成的韵味而已，经得起宝藏之检验。
文本输入完成 (长度: 31 字符)
2. 点击翻译按钮...
文本输入完成 (长度: 46 字符)
2. 点击翻译按钮...
点击成功
3. 等待翻译...
等待翻译: 6.0秒
翻译结果仍在变化，继续等待... (已等待0.0秒)
点击成功
3. 等待翻译...
等待翻译: 2.5秒
翻译结果仍在变化，继续等待... (已等待0.0秒)
点击成功
3. 等待翻译...
等待翻译: 2.5秒
文本输入完成 (长度: 35 字符)
2. 点击翻译按钮...
文本输入完成 (长度: 40 字符)
2. 点击翻译按钮...
点击成功
3. 等待翻译...
等待翻译: 2.5秒
点击成功
3. 等待翻译...
等待翻译: 2.5秒
翻译结果稳定，总等待时间: 3.0秒
4. 获取翻译结果...
翻译结果稳定，总等待时间: 3.0秒
4. 获取翻译结果...
翻译成功 (长度: 5 字符)
结果: 讲解其义。
翻译成功 (长度: 5 字符)
结果: 不发一言。
翻译结果仍在变化，继续等待... (已等待4.5秒)
翻译结果仍在变化，继续等待... (已等待0.0秒)
翻译结果仍在变化，继续等待... (已等待0.0秒)
翻译结果稳定，总等待时间: 3.0秒
4. 获取翻译结果...
翻译结果稳定，总等待时间: 3.0秒
4. 获取翻译结果...
翻译成功 (长度: 8 字符)
结果: 正确的断章取义。
翻译成功 (长度: 12 字符)
结果: 要知道自己是何等的无助。
翻译结果仍在变化，继续等待... (已等待0.0秒)
翻译结果仍在变化，继续等待... (已等待0.0秒)
翻译结果稳定，总等待时间: 5.5秒
4. 获取翻译结果...
翻译成功 (长度: 19 字符)
结果: 就像从睡梦中醒来一样，回到大唐的故地。
翻译结果仍在变化，继续等待... (已等待5.0秒)
翻译结果仍在变化，继续等待... (已等待0.0秒)

翻译尝试 1/3
原文长度: 84 字符
原文预览: ཙོག་པུར་འདུག་ནས་བྱས་ན་གདོན་མི་ཟ་བར་ཟླ་བ་ཕྱེད་ཀྱི་ནང་དུ་ལུས་ཡོངས་སུ་འགྱུར་བར་བྱེད...
基础等待时间: 4.0秒
1. 输入文本...

翻译尝试 1/3
原文长度: 71 字符
原文: དེའི་ཕྱིར་དེ་ལྟར་འདོད་ཆགས་ནི་ཡོན་ཏན་དང་ལྡན་པ་དག་ཁོ་ན་ལ་ཡིན་པར་མ་ཟད་ཀྱི།
基础等待时间: 2.5秒
1. 输入文本...
翻译结果稳定，总等待时间: 3.0秒
4. 获取翻译结果...
翻译结果稳定，总等待时间: 4.0秒
4. 获取翻译结果...
翻译成功 (长度: 5 字符)
结果: 包括公事。
翻译成功 (长度: 14 字符)
结果: 他自己都不知道自己说了什么。
翻译结果仍在变化，继续等待... (已等待0.0秒)
翻译结果稳定，总等待时间: 3.0秒
4. 获取翻译结果...
翻译结果仍在变化，继续等待... (已等待0.0秒)
翻译成功 (长度: 6 字符)
结果: 到玉拉多村。
翻译结果稳定，总等待时间: 3.0秒
4. 获取翻译结果...
翻译成功 (长度: 6 字符)
结果: 一定要灭绝。
文本输入完成 (长度: 84 字符)
2. 点击翻译按钮...
文本输入完成 (长度: 71 字符)
2. 点击翻译按钮...
翻译结果仍在变化，继续等待... (已等待5.5秒)

翻译尝试 1/3
原文长度: 16 字符
原文: དེ་ཡང་དང་པོ་ཙ་ན།
基础等待时间: 1.5秒
1. 输入文本...
点击成功
3. 等待翻译...
等待翻译: 2.5秒
翻译结果稳定，总等待时间: 4.0秒
4. 获取翻译结果...
点击成功
3. 等待翻译...
等待翻译: 4.0秒
翻译成功 (长度: 11 字符)
结果: 这个习惯势力不可抗拒。
翻译结果稳定，总等待时间: 4.0秒
4. 获取翻译结果...
翻译成功 (长度: 16 字符)
结果: 又想：老太婆，三叶草怎么那么好？
文本输入完成 (长度: 16 字符)
2. 点击翻译按钮...

翻译尝试 1/3
原文长度: 30 字符
原文: པར་འདོད་པ་ནི་ཧ་ཅང་མི་རིགས་པའོ།
基础等待时间: 1.5秒
1. 输入文本...
点击成功
3. 等待翻译...
等待翻译: 1.5秒
翻译结果仍在变化，继续等待... (已等待0.0秒)
翻译结果仍在变化，继续等待... (已等待6.0秒)
翻译结果稳定，总等待时间: 3.0秒
4. 获取翻译结果...
翻译成功 (长度: 3 字符)
结果: 哎呀！
文本输入完成 (长度: 30 字符)
2. 点击翻译按钮...
翻译结果稳定，总等待时间: 4.0秒
4. 获取翻译结果...
翻译成功 (长度: 10 字符)
结果: 但是我牙齿是咬坏的。
点击成功
3. 等待翻译...
等待翻译: 1.5秒
翻译结果稳定，总等待时间: 3.0秒
4. 获取翻译结果...
翻译成功 (长度: 5 字符)
结果: 应当指出。

翻译尝试 1/3
原文长度: 31 字符
原文: དེ་བཞིན་གཤེགས་རྣམས་བསྟན་པར་མཛད།
基础等待时间: 2.5秒
1. 输入文本...

翻译尝试 1/3
原文长度: 186 字符
原文预览: རྒྱལ་པོ་ལ་འོས་པའི་བཤོས་གསོལ་ནས་གསོས་པ་དང་ལྷན་ཅིག་ཏུ་གཏམ་དག་གླེང་ཞིང་འདུག་པ་ན་དེས...
基础等待时间: 6.0秒
1. 输入文本...
翻译结果仍在变化，继续等待... (已等待0.0秒)
翻译结果稳定，总等待时间: 4.0秒
4. 获取翻译结果...
翻译成功 (长度: 16 字符)
结果: 以前缀极端的最低形式出现的动词。
翻译结果仍在变化，继续等待... (已等待6.5秒)
翻译结果稳定，总等待时间: 4.0秒
4. 获取翻译结果...
翻译结果仍在变化，继续等待... (已等待0.0秒)
翻译成功 (长度: 21 字符)
结果: 班智达因为妒忌，把他自己埋在一堆书本下面。
翻译结果仍在变化，继续等待... (已等待0.0秒)
文本输入完成 (长度: 31 字符)
2. 点击翻译按钮...

翻译尝试 1/3
原文长度: 57 字符
原文: གཤེན་རབ་མཆོག་དེ་བཞིན་གཤེགས་པ་དགྲ་བཅོམ་པ་ཡང་དག་པར་རྫོགས་པ།
基础等待时间: 2.5秒
1. 输入文本...

翻译尝试 1/3
原文长度: 28 字符
原文: བདེ་བ་ཐུན་མོང་ལོངས་སྤྱོད་བྱ།
基础等待时间: 1.5秒
1. 输入文本...
翻译结果稳定，总等待时间: 4.0秒
4. 获取翻译结果...
翻译成功 (长度: 13 字符)
结果: 我们的语言不仅仅是这些名字
翻译结果仍在变化，继续等待... (已等待0.0秒)
翻译结果稳定，总等待时间: 3.0秒
4. 获取翻译结果...
点击成功
3. 等待翻译...
等待翻译: 2.5秒
翻译成功 (长度: 6 字符)
结果: 要懂得真理。
翻译结果仍在变化，继续等待... (已等待0.0秒)

翻译尝试 1/3
原文长度: 85 字符
原文预览: མཚན་གྱི་ཡི་གེའི་ཚོགས་བདུནཅན་གཅིག་རྣམས་རང་རང་གི་རིགས་དང་ཁ་དོག་དང་གཟུགས་རྣམས་སུ་གྱ...
基础等待时间: 4.0秒
1. 输入文本...
文本输入完成 (长度: 28 字符)
2. 点击翻译按钮...
翻译结果仍在变化，继续等待... (已等待7.0秒)

翻译尝试 1/3
原文长度: 31 字符
原文: ཡས་བགྲངས་དང་པོའི་དོན་དུ་གདའ་འོ།
基础等待时间: 2.5秒
1. 输入文本...

翻译尝试 1/3
原文长度: 46 字符
原文: རྨོ་མོ་སླར་ཡང་ལུ་བརྒྱལ་དྲག་པོ་ཞིག་ལངས་བྱུང་བས།
基础等待时间: 2.5秒
1. 输入文本...
文本输入完成 (长度: 186 字符)
2. 点击翻译按钮...
文本输入完成 (长度: 57 字符)
2. 点击翻译按钮...
点击成功
3. 等待翻译...
等待翻译: 1.5秒

翻译尝试 1/3
原文长度: 49 字符
原文: ཡང་སྲས་པོར་གདའ་སྟེ་ལྐུགས་པ་གཅིག་ཡོང་བ་འདྲ་ཞུས་པས།
基础等待时间: 2.5秒
1. 输入文本...
点击成功
3. 等待翻译...
等待翻译: 6.0秒
点击成功
3. 等待翻译...
等待翻译: 2.5秒

翻译尝试 1/3
原文长度: 26 字符
原文: བྱས་ཟིན་འབད་པ་མེད་པར་འཇིག།
基础等待时间: 1.5秒
1. 输入文本...
文本输入完成 (长度: 85 字符)
2. 点击翻译按钮...
文本输入完成 (长度: 31 字符)
2. 点击翻译按钮...
文本输入完成 (长度: 46 字符)
2. 点击翻译按钮...
翻译结果仍在变化，继续等待... (已等待0.0秒)
点击成功
3. 等待翻译...
等待翻译: 4.0秒
点击成功
3. 等待翻译...
等待翻译: 2.5秒
翻译结果稳定，总等待时间: 4.0秒
4. 获取翻译结果...
翻译成功 (长度: 15 字符)
结果: 僧侣接受酬金会导致严重的罪恶。
点击成功
3. 等待翻译...
等待翻译: 2.5秒
文本输入完成 (长度: 49 字符)
2. 点击翻译按钮...
翻译结果仍在变化，继续等待... (已等待7.5秒)
文本输入完成 (长度: 26 字符)
2. 点击翻译按钮...

翻译尝试 1/3
原文长度: 62 字符
原文: དེ་རིང་ང་རང་སྐལ་བ་བཟང་པོ་བྱུང་ནས་ཁྱེད་རྣམ་པ་མཇལ་བའི་སྐབས་འདིར།
基础等待时间: 2.5秒
1. 输入文本...
点击成功
3. 等待翻译...
等待翻译: 2.5秒

翻译尝试 1/3
原文长度: 64 字符
原文: མ་སྣདགསུམ་པོ་འོད་ནི་ངས་ད་ལྟར་འབའ་ཤིག་གི་དུས་སུ་གསོས་པར་མ་ཟད་ཀྱི།
基础等待时间: 2.5秒
1. 输入文本...
点击成功
3. 等待翻译...
等待翻译: 1.5秒
翻译结果仍在变化，继续等待... (已等待0.0秒)
翻译结果稳定，总等待时间: 5.5秒
4. 获取翻译结果...
翻译成功 (长度: 17 字符)
结果: 不生，不存在，如野兔角，是已有之。
文本输入完成 (长度: 62 字符)
2. 点击翻译按钮...
翻译结果仍在变化，继续等待... (已等待8.0秒)
文本输入完成 (长度: 64 字符)
2. 点击翻译按钮...
翻译结果仍在变化，继续等待... (已等待0.0秒)
   进度: 10/500 (2.0%)

翻译尝试 1/3
原文长度: 5 字符
原文: ཨ་ཙི།
基础等待时间: 1.5秒
1. 输入文本...
翻译结果稳定，总等待时间: 4.0秒
4. 获取翻译结果...
点击成功
3. 等待翻译...
等待翻译: 2.5秒
翻译结果稳定，总等待时间: 4.0秒
4. 获取翻译结果...
翻译成功 (长度: 9 字符)
结果: 与瑜伽位置相适应。

翻译尝试 1/3
原文长度: 94 字符
原文预览: ༡༩༥༢ ལོའི་ལོ་སྟོད་ཙམ་ལ་སླེབས་དུས་རྒྱ་མི་སྟོང་ཕྲག་ཉི་ཤུ་བརྒལ་བ་ལྷ་སའི་གཡས་གཡོན་ལ་...
基础等待时间: 4.0秒
1. 输入文本...
翻译成功 (长度: 13 字符)
结果: 你不要放弃我，我要放弃你。
点击成功
3. 等待翻译...
等待翻译: 2.5秒
翻译结果稳定，总等待时间: 4.0秒
4. 获取翻译结果...

翻译尝试 1/3
原文长度: 13 字符
原文: བསྟན་པར་བྱའོ།
基础等待时间: 1.5秒
1. 输入文本...
翻译成功 (长度: 13 字符)
结果: 这个世间的时光过得真快呀！
翻译结果稳定，总等待时间: 4.0秒
4. 获取翻译结果...
文本输入完成 (长度: 5 字符)
2. 点击翻译按钮...
翻译成功 (长度: 12 字符)
结果: 而是因为看到女人的错觉。

翻译尝试 1/3
原文长度: 7 字符
原文: དེར་ཐལ།
基础等待时间: 1.5秒
1. 输入文本...
点击成功
3. 等待翻译...
等待翻译: 1.5秒

翻译尝试 1/3
原文长度: 26 字符
原文: ལ་ལ་ནི་བེ་རོ་ཙ་ནས་བྱས་ཟེར།
基础等待时间: 1.5秒
1. 输入文本...
翻译结果仍在变化，继续等待... (已等待8.5秒)
文本输入完成 (长度: 13 字符)
2. 点击翻译按钮...
翻译结果仍在变化，继续等待... (已等待0.0秒)
文本输入完成 (长度: 94 字符)
2. 点击翻译按钮...

翻译尝试 1/3
原文长度: 58 字符
原文: ཚིག་གི་སྦྱོར་བ་ལས་བྱུང་བའི་གཏན་ཚིགས་ཀྱི་ཕྱོགས་མཚམས་ཡིན་པས།
基础等待时间: 2.5秒
1. 输入文本...
文本输入完成 (长度: 7 字符)
2. 点击翻译按钮...
点击成功
3. 等待翻译...
等待翻译: 1.5秒

翻译尝试 1/3
原文长度: 21 字符
原文: ཞེས་སོགས་རྒྱས་པར་དང་།
基础等待时间: 1.5秒
1. 输入文本...
点击成功
3. 等待翻译...
等待翻译: 4.0秒
点击成功
3. 等待翻译...
等待翻译: 1.5秒
文本输入完成 (长度: 26 字符)
2. 点击翻译按钮...
翻译结果稳定，总等待时间: 3.0秒
4. 获取翻译结果...
点击成功
3. 等待翻译...
等待翻译: 1.5秒
翻译成功 (长度: 3 字符)
结果: 首先。
文本输入完成 (长度: 21 字符)
2. 点击翻译按钮...
文本输入完成 (长度: 58 字符)
2. 点击翻译按钮...
翻译结果仍在变化，继续等待... (已等待9.0秒)
点击成功
3. 等待翻译...
等待翻译: 1.5秒
点击成功
3. 等待翻译...
等待翻译: 2.5秒
翻译结果仍在变化，继续等待... (已等待0.0秒)
翻译结果仍在变化，继续等待... (已等待0.0秒)
翻译结果稳定，总等待时间: 3.0秒
4. 获取翻译结果...
翻译成功 (长度: 8 字符)
结果: 想拍是很不明智的

翻译尝试 1/3
原文长度: 85 字符
原文预览: ཚེ་དང་ལྡན་པ་ཁྱོད་ཏེ་པོར་འདོད་པ་ཆུང་བར་གྱུར་ན་ཅིའི་ཕྱིར་བདག་ཉིད་གཅེར་བུར་སྟོན་པར་...
基础等待时间: 4.0秒
1. 输入文本...
翻译结果仍在变化，继续等待... (已等待0.0秒)
翻译结果仍在变化，继续等待... (已等待9.5秒)
翻译结果稳定，总等待时间: 4.0秒
4. 获取翻译结果...
翻译成功 (长度: 20 字符)
结果: 所以，如此的贪欲不仅仅是对于有学问的人。
翻译结果仍在变化，继续等待... (已等待0.0秒)
文本输入完成 (长度: 85 字符)
2. 点击翻译按钮...
翻译结果仍在变化，继续等待... (已等待0.0秒)
翻译结果仍在变化，继续等待... (已等待0.0秒)

翻译尝试 1/3
原文长度: 34 字符
原文: རི་བོང་གི་རྭ་ལ་དེ་མེད་པའི་ཕྱིར་རོ།
基础等待时间: 2.5秒
1. 输入文本...
点击成功
3. 等待翻译...
等待翻译: 4.0秒
翻译结果仍在变化，继续等待... (已等待0.0秒)
翻译结果仍在变化，继续等待... (已等待0.0秒)
达到最大额外等待时间 (10秒)
4. 获取翻译结果...
翻译结果仍在变化，继续等待... (已等待0.0秒)
翻译成功 (长度: 195 字符)
结果预览: 唵他力威若梵梵唵唵唵唵唵唵唵唵唵唵唵唵唵唵唵唵唵唵唵唵唵唵唵唵唵唵唵唵唵唵唵唵唵唵唵唵唵唵唵唵唵唵唵唵唵唵唵唵唵唵唵唵唵唵唵唵唵唵唵唵唵唵唵唵唵唵唵唵唵唵唵唵唵唵唵唵唵唵唵唵唵唵唵唵唵唵唵唵唵唵唵唵唵...

翻译尝试 1/3
原文长度: 29 字符
原文: འཇིགས་ཤིང་རབ་ཏུ་འཇིགས་པར་མཛད།
基础等待时间: 1.5秒
1. 输入文本...

翻译尝试 1/3
原文长度: 20 字符
原文: ང་འྀས་ནི་ཁྱོད་བཏང་ན།
基础等待时间: 1.5秒
1. 输入文本...
翻译结果稳定，总等待时间: 3.0秒
4. 获取翻译结果...
翻译成功 (长度: 5 字符)
结果: 共享幸福。
翻译结果仍在变化，继续等待... (已等待0.0秒)
文本输入完成 (长度: 34 字符)
2. 点击翻译按钮...

翻译尝试 1/3
原文长度: 20 字符
原文: ཁ་ལ་ལ་ལི་ཟ་ཡིན་འདུག།
基础等待时间: 1.5秒
1. 输入文本...
翻译结果仍在变化，继续等待... (已等待0.0秒)
点击成功
3. 等待翻译...
等待翻译: 2.5秒

翻译尝试 1/3
原文长度: 94 字符
原文预览: བུད་མེད་རྣམས་ཀྱི་ཡིད་ཀྱང་གཡོ་བག་ཅན་ཡིན་པའི་ཕྱིར་དེ་རྣམས་ལ་རུས་གཞན་དང་ཕྲད་པ་ལ་བུ་...
基础等待时间: 4.0秒
1. 输入文本...
文本输入完成 (长度: 29 字符)
2. 点击翻译按钮...
文本输入完成 (长度: 20 字符)
2. 点击翻译按钮...
翻译结果仍在变化，继续等待... (已等待0.0秒)
点击成功
3. 等待翻译...
等待翻译: 1.5秒
点击成功
3. 等待翻译...
等待翻译: 1.5秒
文本输入完成 (长度: 20 字符)
2. 点击翻译按钮...
翻译结果仍在变化，继续等待... (已等待0.0秒)
点击成功
3. 等待翻译...
等待翻译: 1.5秒
翻译结果仍在变化，继续等待... (已等待0.0秒)
翻译结果仍在变化，继续等待... (已等待0.0秒)
翻译结果稳定，总等待时间: 3.0秒
4. 获取翻译结果...
翻译成功 (长度: 7 字符)
结果: 已做无功将毁灭
文本输入完成 (长度: 94 字符)
2. 点击翻译按钮...
翻译结果稳定，总等待时间: 4.0秒
4. 获取翻译结果...
翻译成功 (长度: 5 字符)
结果: 如来佛像。
点击成功
3. 等待翻译...
等待翻译: 4.0秒

翻译尝试 1/3
原文长度: 72 字符
原文: ང་ཡི་འགྲོས་ནི་དལ་ན་ཡང་ནམ་ཡང་གང་ཐུབ་ཀྱིས་ལས་ཀ་ལས་ཀྱིན་འདུག་ཅེས་ལན་བཏབ་བོ།
基础等待时间: 2.5秒
1. 输入文本...
翻译结果稳定，总等待时间: 5.5秒
4. 获取翻译结果...
翻译成功 (长度: 13 字符)
结果: 蹲着肯定半个月全身酸痛的。
翻译结果稳定，总等待时间: 4.0秒
4. 获取翻译结果...
翻译成功 (长度: 9 字符)
结果: 如来神，得道无憾。

翻译尝试 1/3
原文长度: 127 字符
原文预览: ཞེས་གསུངས་པས་གྲོལ་བ་དངོས་ཀྱི་འབྲས་བུ་རྫོགས་པ་ནི་ཡེ་ཤེས་ལྔའི་སྣང་བ་ཡིན་པས་རྒྱུད་ཀ...
基础等待时间: 4.0秒
1. 输入文本...
文本输入完成 (长度: 72 字符)
2. 点击翻译按钮...
翻译结果仍在变化，继续等待... (已等待0.0秒)
翻译结果稳定，总等待时间: 7.5秒
4. 获取翻译结果...
翻译结果稳定，总等待时间: 4.0秒
4. 获取翻译结果...
点击成功
3. 等待翻译...
等待翻译: 2.5秒
翻译成功 (长度: 70 字符)
结果: 当然，为了使人更深切地认识到“大爱”也是从“小爱”再升起的，第二点也许会有赞同，但如果只看到“大爱”是从“小爱”升起的，会不会有些不太赞同？
翻译成功 (长度: 9 字符)
结果: 为了第一名而竞争。
翻译结果稳定，总等待时间: 4.0秒
4. 获取翻译结果...
翻译结果稳定，总等待时间: 3.0秒
4. 获取翻译结果...
翻译成功 (长度: 8 字符)
结果: 奶奶又开始咳嗽。
翻译成功 (长度: 3 字符)
结果: 哎呀！

翻译尝试 1/3
原文长度: 22 字符
原文: དེ་ལ་འཁྲེན་པར་མི་བྱའོ།
基础等待时间: 1.5秒
1. 输入文本...
翻译结果稳定，总等待时间: 4.0秒
4. 获取翻译结果...
翻译结果仍在变化，继续等待... (已等待0.0秒)
翻译成功 (长度: 12 字符)
结果: 又吩咐儿子去请一位聋子。
翻译结果稳定，总等待时间: 3.0秒
4. 获取翻译结果...
翻译成功 (长度: 3 字符)
结果: 示之。
翻译结果稳定，总等待时间: 3.0秒
4. 获取翻译结果...
文本输入完成 (长度: 127 字符)
2. 点击翻译按钮...
文本输入完成 (长度: 22 字符)
2. 点击翻译按钮...
翻译成功 (长度: 5 字符)
结果: 差不多了。
翻译结果仍在变化，继续等待... (已等待0.0秒)
点击成功
3. 等待翻译...
等待翻译: 4.0秒
翻译结果仍在变化，继续等待... (已等待0.0秒)
翻译结果稳定，总等待时间: 3.0秒
4. 获取翻译结果...
点击成功
3. 等待翻译...
等待翻译: 1.5秒
翻译成功 (长度: 9 字符)
结果: 有的说是维罗扎纳。

翻译尝试 1/3
原文长度: 34 字符
原文: བཛྲ་བེ་རོ་ཙ་ནཱི་ཡེ་ཧ་ཱུཾ་ཕཊ་སྭཱ་ཧཱ།
基础等待时间: 2.5秒
1. 输入文本...

翻译尝试 1/3
原文长度: 23 字符
原文: རང་གི་དོན་དུ་ཅང་མི་སྨྲ།
基础等待时间: 1.5秒
1. 输入文本...
翻译结果仍在变化，继续等待... (已等待0.0秒)
翻译结果稳定，总等待时间: 4.0秒
4. 获取翻译结果...
翻译成功 (长度: 13 字符)
结果: 今天我有幸在这里见到各位。
翻译结果稳定，总等待时间: 4.0秒
4. 获取翻译结果...
翻译结果稳定，总等待时间: 3.0秒
4. 获取翻译结果...
翻译成功 (长度: 15 字符)
结果: 三只母羊都是我刚刚开始喂养的。
翻译成功 (长度: 3 字符)
结果: 等等。
文本输入完成 (长度: 34 字符)
2. 点击翻译按钮...
文本输入完成 (长度: 23 字符)
2. 点击翻译按钮...
点击成功
3. 等待翻译...
等待翻译: 2.5秒
点击成功
3. 等待翻译...
等待翻译: 1.5秒
翻译结果仍在变化，继续等待... (已等待0.0秒)

翻译尝试 1/3
原文长度: 121 字符
原文预览: དེའི་ཕྱིར་དེ་ལྟར་ན་མཁས་པ་སྐྱེས་བུའི་བྱེད་པ་སྒྲུབ་བྱེད་ཆེན་པོ་དོན་མེད་པར་བྱེད་པའི...
基础等待时间: 4.0秒
1. 输入文本...

翻译尝试 1/3
原文长度: 49 字符
原文: དུ་མ་གསུངས་པ་མང་པོ་ཞིག་ནི་འཇུག་ངོགས་སུ་བཀོད་ཀྱང་།
基础等待时间: 2.5秒
1. 输入文本...
翻译结果仍在变化，继续等待... (已等待0.0秒)
翻译结果稳定，总等待时间: 5.5秒
4. 获取翻译结果...
翻译成功 (长度: 23 字符)
结果: 每个七字型字母分为若干类、若干颜色和若干形状。

翻译尝试 1/3
原文长度: 51 字符
原文: ཀུ་ཤའི་ཆང་བུ་ལ་ཉེ་བར་འདུག་ནས་ལག་པའམ་གཞན་དུ་ཡང་རུང་།
基础等待时间: 2.5秒
1. 输入文本...
文本输入完成 (长度: 49 字符)
2. 点击翻译按钮...
翻译结果仍在变化，继续等待... (已等待0.0秒)

翻译尝试 1/3
原文长度: 57 字符
原文: གཤེན་རབ་མཆོག་དེ་བཞིན་གཤེགས་པ་དགྲ་བཅོམ་པ་ཡང་དག་པར་རྫོགས་པ།
基础等待时间: 2.5秒
1. 输入文本...
翻译结果稳定，总等待时间: 4.0秒
4. 获取翻译结果...
点击成功
3. 等待翻译...
等待翻译: 2.5秒
翻译成功 (长度: 17 字符)
结果: 逻辑的边界是由语言的运用所划定的。
文本输入完成 (长度: 121 字符)
2. 点击翻译按钮...
点击成功
3. 等待翻译...
等待翻译: 4.0秒

翻译尝试 1/3
原文长度: 47 字符
原文: སྤྱོད་ཀྱང་རང་རྒྱལ་དགྲ་བཅོམ་ཉིད་ལ་འདོད་བསྐྱེད་ན།
基础等待时间: 2.5秒
1. 输入文本...

翻译尝试 1/3
原文长度: 19 字符
原文: ཞེས་པ་དེར་གདའ་ཞིང་།
基础等待时间: 1.5秒
1. 输入文本...
文本输入完成 (长度: 51 字符)
2. 点击翻译按钮...

翻译尝试 1/3
原文长度: 80 字符
原文: རྨོ་མོ་ད་དུང་སངས་དྲག་བྱུང་མེད་པས་ཕྱིར་ཚ་ཐབ་ཏུ་བསྡད་ཅིང་སློག་ཧྲུལ་གྱི་ནང་དུ་འཛུལ།
基础等待时间: 2.5秒
1. 输入文本...
翻译结果仍在变化，继续等待... (已等待0.0秒)

翻译尝试 1/3
原文长度: 20 字符
原文: ཀུན་གྱིས་དེ་ལོས་ཡིན།
基础等待时间: 1.5秒
1. 输入文本...
翻译结果稳定，总等待时间: 3.0秒
4. 获取翻译结果...
翻译结果稳定，总等待时间: 3.0秒
4. 获取翻译结果...
翻译成功 (长度: 9 字符)
结果: 显得可怕而又可怖。
翻译成功 (长度: 7 字符)
结果: 我要是放了你。
点击成功
3. 等待翻译...
等待翻译: 2.5秒
文本输入完成 (长度: 57 字符)
2. 点击翻译按钮...

翻译尝试 1/3
原文长度: 43 字符
原文: དེ་ནས་རྗེ་མར་པ་རྒྱ་གར་ཤར་ཕྱོགས་སུ་བྱོན་ཙ་ན།
基础等待时间: 2.5秒
1. 输入文本...
翻译结果稳定，总等待时间: 3.0秒
4. 获取翻译结果...
点击成功
3. 等待翻译...
等待翻译: 2.5秒
翻译成功 (长度: 7 字符)
结果: 卡拉拉吃了吗？

翻译尝试 1/3
原文长度: 13 字符
原文: བསྟན་པར་བྱའོ།
基础等待时间: 1.5秒
1. 输入文本...
文本输入完成 (长度: 47 字符)
2. 点击翻译按钮...
文本输入完成 (长度: 19 字符)
2. 点击翻译按钮...
文本输入完成 (长度: 20 字符)
2. 点击翻译按钮...

翻译尝试 1/3
原文长度: 7 字符
原文: དེར་ཐལ།
基础等待时间: 1.5秒
1. 输入文本...
点击成功
3. 等待翻译...
等待翻译: 2.5秒
点击成功
3. 等待翻译...
等待翻译: 1.5秒
翻译结果仍在变化，继续等待... (已等待0.0秒)
文本输入完成 (长度: 43 字符)
2. 点击翻译按钮...
文本输入完成 (长度: 80 字符)
2. 点击翻译按钮...
点击成功
3. 等待翻译...
等待翻译: 1.5秒
翻译结果仍在变化，继续等待... (已等待0.0秒)

翻译尝试 1/3
原文长度: 58 字符
原文: ཕག་ཞལ་གཡས་སུ་བྱུང་བ་ལ་མུ་སྟེགས་ཀྱི་ལྟར་ལྟ་བའང་རང་བློ་ཆུང་།
基础等待时间: 2.5秒
1. 输入文本...
文本输入完成 (长度: 13 字符)
2. 点击翻译按钮...
翻译结果仍在变化，继续等待... (已等待0.0秒)
点击成功
3. 等待翻译...
等待翻译: 2.5秒
点击成功
3. 等待翻译...
等待翻译: 2.5秒

翻译尝试 1/3
原文长度: 24 字符
原文: མི་འོས་པ་ལྟ་བུ་འདུག་སྟེ།
基础等待时间: 1.5秒
1. 输入文本...
文本输入完成 (长度: 7 字符)
2. 点击翻译按钮...
点击成功
3. 等待翻译...
等待翻译: 1.5秒

翻译尝试 1/3
原文长度: 25 字符
原文: བར་འགའ་ནི་ཞེ་སྡད་གི་ཕྱིར།
基础等待时间: 1.5秒
1. 输入文本...

翻译尝试 1/3
原文长度: 38 字符
原文: ལྷ་སྐུ་ཕྱག་རྒྱར་གསལ་བ་བསྐྱེད་རིམ་ལུང་།
基础等待时间: 2.5秒
1. 输入文本...
翻译结果稳定，总等待时间: 5.5秒
4. 获取翻译结果...
点击成功
3. 等待翻译...
等待翻译: 1.5秒
翻译成功 (长度: 24 字符)
结果: 到1952年初，超过20千人已被安置在拉萨周边。
翻译结果稳定，总等待时间: 4.0秒
4. 获取翻译结果...
翻译成功 (长度: 12 字符)
结果: 因为兔子的角是没有它的。
文本输入完成 (长度: 58 字符)
2. 点击翻译按钮...
文本输入完成 (长度: 24 字符)
2. 点击翻译按钮...
文本输入完成 (长度: 25 字符)
2. 点击翻译按钮...
文本输入完成 (长度: 38 字符)
2. 点击翻译按钮...
点击成功
3. 等待翻译...
等待翻译: 2.5秒
点击成功
3. 等待翻译...
等待翻译: 1.5秒
点击成功
3. 等待翻译...
等待翻译: 1.5秒
点击成功
3. 等待翻译...
等待翻译: 2.5秒
翻译结果稳定，总等待时间: 7.5秒
4. 获取翻译结果...
翻译成功 (长度: 51 字符)
结果: 在王室献上供品后，祈求神灵回答问题：它从帐篷内掷出一块石头，并且把帐篷撑倒，要求父亲再赐给她一块石头。
翻译结果仍在变化，继续等待... (已等待0.0秒)

翻译尝试 1/3
原文长度: 84 字符
原文预览: བདག་གིས་སེམས་ཅ་ན་ཐམ་ཅས་ད་ཀྱིས་ནི་དུ་བཅོམ་ལྡན་འདས་འཇམ་པའི་རྡོརྗེའི་མཚན་བརྗོད་པར་བ...
基础等待时间: 4.0秒
1. 输入文本...
翻译结果仍在变化，继续等待... (已等待0.0秒)
翻译结果稳定，总等待时间: 3.0秒
4. 获取翻译结果...
翻译成功 (长度: 6 字符)
结果: 不值得去爱。

翻译尝试 1/3
原文长度: 93 字符
原文预览: ཚིག་ཕྲད་ལས་བྱུང་བའི་གཏན་ཚིགས་ཀྱི་དོན་དེ་ནི་ཚིག་གི་བརྗོད་དོན་གྱི་ཁྱད་པར་འབྱེད་བྱེ...
基础等待时间: 4.0秒
1. 输入文本...
文本输入完成 (长度: 84 字符)
2. 点击翻译按钮...
翻译结果仍在变化，继续等待... (已等待0.0秒)
翻译结果仍在变化，继续等待... (已等待0.0秒)
翻译结果稳定，总等待时间: 5.5秒
4. 获取翻译结果...
翻译成功 (长度: 23 字符)
结果: 你这个圣人，既然欲望已少，为什么还要裸露自己？
点击成功
3. 等待翻译...
等待翻译: 4.0秒
翻译结果仍在变化，继续等待... (已等待0.5秒)
翻译结果稳定，总等待时间: 4.0秒
4. 获取翻译结果...

翻译尝试 1/3
原文长度: 30 字符
原文: གཡས་བརྐྱང་བ་ཡི་ཞབས་ཀྱིས་བཞུགས།
基础等待时间: 1.5秒
1. 输入文本...
翻译成功 (长度: 19 字符)
结果: 我回答说我虽然走路慢但是总是尽力工作。

翻译尝试 1/3
原文长度: 21 字符
原文: ཁྱོད་ཀྱིས་ནྀ་ང་བཏང་ན།
基础等待时间: 1.5秒
1. 输入文本...
翻译结果稳定，总等待时间: 3.0秒
4. 获取翻译结果...
翻译成功 (长度: 8 字符)
结果: 不为自己说什么。
文本输入完成 (长度: 93 字符)
2. 点击翻译按钮...
翻译结果仍在变化，继续等待... (已等待0.0秒)
翻译结果仍在变化，继续等待... (已等待0.0秒)

翻译尝试 1/3
原文长度: 28 字符
原文: ལུས་སྟོབས་རི་ལས་ཆེ་ཤོས་འདུག།
基础等待时间: 1.5秒
1. 输入文本...
点击成功
3. 等待翻译...
等待翻译: 4.0秒
翻译结果仍在变化，继续等待... (已等待0.0秒)
文本输入完成 (长度: 30 字符)
2. 点击翻译按钮...
文本输入完成 (长度: 21 字符)
2. 点击翻译按钮...
翻译结果仍在变化，继续等待... (已等待0.0秒)
点击成功
3. 等待翻译...
等待翻译: 1.5秒
点击成功
3. 等待翻译...
等待翻译: 1.5秒
文本输入完成 (长度: 28 字符)
2. 点击翻译按钮...
翻译结果仍在变化，继续等待... (已等待1.0秒)
翻译结果仍在变化，继续等待... (已等待0.0秒)
翻译结果仍在变化，继续等待... (已等待0.0秒)
翻译结果仍在变化，继续等待... (已等待0.0秒)
点击成功
3. 等待翻译...
等待翻译: 1.5秒
翻译结果仍在变化，继续等待... (已等待0.0秒)

翻译尝试 1/3
原文长度: 55 字符
原文: ཞག་གཅིག་གི་ནང་ཚུད་ལ་ལྷ་སའི་མི་འབོར་ལྡབ་འགྱུར་གྱིས་འཕེལ།
基础等待时间: 2.5秒
1. 输入文本...

翻译尝试 1/3
原文长度: 21 字符
原文: དཔེར་ན་རི་བོང་གི་རའམ།
基础等待时间: 1.5秒
1. 输入文本...
翻译结果仍在变化，继续等待... (已等待0.0秒)
翻译结果稳定，总等待时间: 5.5秒
4. 获取翻译结果...
翻译成功 (长度: 20 字符)
结果: 因为女子心是轻薄的，所以她们生子是异姓。
翻译结果仍在变化，继续等待... (已等待1.5秒)
翻译结果仍在变化，继续等待... (已等待0.0秒)
翻译结果仍在变化，继续等待... (已等待0.0秒)

翻译尝试 1/3
原文长度: 88 字符
原文预览: རྒྱལ་པོ་ཡང་དེ་ལ་གཅིག་ཏུ་བལྟ་ཞིང་སེམས་ཆགས་པས་ལས་གཞན་བཏང་སྟེ་དེ་ཁོ་ན་ལྷུར་ལེན་ཅིང་...
基础等待时间: 4.0秒
1. 输入文本...
文本输入完成 (长度: 21 字符)
2. 点击翻译按钮...
文本输入完成 (长度: 55 字符)
2. 点击翻译按钮...
点击成功
3. 等待翻译...
等待翻译: 1.5秒
点击成功
3. 等待翻译...
等待翻译: 2.5秒
翻译结果稳定，总等待时间: 3.0秒
4. 获取翻译结果...
翻译成功 (长度: 11 字符)
结果: 亦称“七十七条法令”。
翻译结果稳定，总等待时间: 3.0秒
4. 获取翻译结果...
翻译结果仍在变化，继续等待... (已等待0.0秒)
翻译成功 (长度: 7 字符)
结果: 当然了，人们都
文本输入完成 (长度: 88 字符)
2. 点击翻译按钮...
翻译结果仍在变化，继续等待... (已等待2.0秒)

翻译尝试 1/3
原文长度: 63 字符
原文: བཙོག་པར་རྟོག་པ་ན་གང་ལ་བདེ་བ་ཡོད་པ་དེ་དེ་ལ་ཆགས་པར་རིགས་པ་ཉིད་དོ།
基础等待时间: 2.5秒
1. 输入文本...
翻译结果仍在变化，继续等待... (已等待0.0秒)
点击成功
3. 等待翻译...
等待翻译: 4.0秒
翻译结果稳定，总等待时间: 3.0秒
4. 获取翻译结果...
翻译结果稳定，总等待时间: 4.0秒
4. 获取翻译结果...
翻译成功 (长度: 4 字符)
结果: 要指明。
翻译成功 (长度: 10 字符)
结果: 许多说法都记在岸上。
翻译结果仍在变化，继续等待... (已等待0.0秒)
翻译结果稳定，总等待时间: 3.0秒
4. 获取翻译结果...
翻译成功 (长度: 4 字符)
结果: 差不多。

翻译尝试 1/3
原文长度: 42 字符
原文: དགེ་སློང་ཟླ་བས་སྦས་དེ་ཁྱོད་ཀྱི་གཏམ་འདྲེ་བ།
基础等待时间: 2.5秒
1. 输入文本...
翻译结果仍在变化，继续等待... (已等待0.0秒)
翻译结果仍在变化，继续等待... (已等待0.0秒)
文本输入完成 (长度: 63 字符)
2. 点击翻译按钮...
翻译结果稳定，总等待时间: 5.5秒
4. 获取翻译结果...

翻译尝试 1/3
原文长度: 52 字符
原文: ད་ངས་ཁ་ཟས་ནང་དུག་བཏབ་ནས་ཁོ་རང་གཉིས་ཀྱི་སྲོག་འཕྲོག་ན།
基础等待时间: 2.5秒
1. 输入文本...
翻译结果验证失败: 结果过短 (21字符 vs 原文127字符)
当前结果: 结论的实质是五明，故要知藏语系教义的深广。...
将重试...
翻译结果仍在变化，继续等待... (已等待2.5秒)

翻译尝试 1/3
原文长度: 27 字符
原文: ཉིན་རེ་བཞིན་དུ་དུས་གསུམ་དུ།
基础等待时间: 1.5秒
1. 输入文本...
翻译结果稳定，总等待时间: 3.0秒
4. 获取翻译结果...
翻译结果仍在变化，继续等待... (已等待0.0秒)
点击成功
3. 等待翻译...
等待翻译: 2.5秒
翻译结果稳定，总等待时间: 4.0秒
4. 获取翻译结果...
翻译成功 (长度: 5 字符)
结果: 就不应该。
翻译成功 (长度: 11 字符)
结果: 靠近苹果或其他的苹果。
翻译结果稳定，总等待时间: 3.0秒
4. 获取翻译结果...
翻译成功 (长度: 5 字符)
结果: 因为嫌弃。
文本输入完成 (长度: 42 字符)
2. 点击翻译按钮...
翻译结果稳定，总等待时间: 4.0秒
4. 获取翻译结果...
翻译成功 (长度: 14 字符)
结果: 圣人，如来，阿阁，如来觉者。
文本输入完成 (长度: 27 字符)
2. 点击翻译按钮...
点击成功
3. 等待翻译...
等待翻译: 2.5秒
翻译结果稳定，总等待时间: 4.0秒
4. 获取翻译结果...
文本输入完成 (长度: 52 字符)
2. 点击翻译按钮...
翻译成功 (长度: 8 字符)
结果: 但我国除灭之心，
点击成功
3. 等待翻译...
等待翻译: 1.5秒
点击成功
3. 等待翻译...
等待翻译: 2.5秒

翻译尝试 2/3
原文长度: 127 字符
原文预览: ཞེས་གསུངས་པས་གྲོལ་བ་དངོས་ཀྱི་འབྲས་བུ་རྫོགས་པ་ནི་ཡེ་ཤེས་ལྔའི་སྣང་བ་ཡིན་པས་རྒྱུད་ཀ...
基础等待时间: 4.0秒
1. 输入文本...
翻译结果仍在变化，继续等待... (已等待3.0秒)
翻译结果稳定，总等待时间: 4.0秒
4. 获取翻译结果...
翻译结果稳定，总等待时间: 4.0秒
4. 获取翻译结果...
翻译成功 (长度: 13 字符)
结果: 后来，马尔巴菩萨到东印度。
翻译成功 (长度: 26 字符)
结果: 姥姥还没有完全康复，回到了灶房里，躲在破烂的角落里。
翻译结果仍在变化，继续等待... (已等待0.0秒)

翻译尝试 1/3
原文长度: 61 字符
原文: དེང་སོང་གི་རྒྱལ་པོ་དག་ནི་ཕལ་ཆེར་དམངས་རིགས་ཀྱི་སྐྱེ་གནས་ཅན་ཏེ།
基础等待时间: 2.5秒
1. 输入文本...
翻译结果稳定，总等待时间: 4.0秒
4. 获取翻译结果...
翻译成功 (长度: 12 字符)
结果: 猪八戒出丑，犹如邪教徒。
翻译结果仍在变化，继续等待... (已等待3.5秒)
文本输入完成 (长度: 127 字符)
2. 点击翻译按钮...
翻译结果稳定，总等待时间: 4.0秒
4. 获取翻译结果...
翻译成功 (长度: 13 字符)
结果: 佛像手印显化，显化为菩提。
点击成功
3. 等待翻译...
等待翻译: 4.0秒
文本输入完成 (长度: 61 字符)
2. 点击翻译按钮...
翻译结果稳定，总等待时间: 5.5秒
4. 获取翻译结果...
翻译成功 (长度: 26 字符)
结果: 因此，这样说就不能不使智者成为人之大患的无知之徒了。

翻译尝试 1/3
原文长度: 19 字符
原文: ཞེས་པ་དེར་གདའ་ཞིང་།
基础等待时间: 1.5秒
1. 输入文本...
点击成功
3. 等待翻译...
等待翻译: 2.5秒

翻译尝试 1/3
原文长度: 29 字符
原文: གུམ་འདུག་བྱེད་དུ་བཅུག་ན་བཟང་།
基础等待时间: 1.5秒
1. 输入文本...
翻译结果稳定，总等待时间: 3.0秒
4. 获取翻译结果...
翻译结果稳定，总等待时间: 3.0秒
4. 获取翻译结果...
翻译成功 (长度: 6 字符)
结果: 你放过我吧！
翻译成功 (长度: 8 字符)
结果: 右腿伸展的坐姿。
翻译结果仍在变化，继续等待... (已等待4.0秒)
翻译结果稳定，总等待时间: 3.0秒
4. 获取翻译结果...

翻译尝试 1/3
原文长度: 13 字符
原文: བསྟན་པར་བྱའོ།
基础等待时间: 1.5秒
1. 输入文本...
翻译成功 (长度: 10 字符)
结果: 最强壮的比山还要大。

翻译尝试 1/3
原文长度: 24 字符
原文: ཞེས་སོགས་གསུངས་པའི་ཕྱིར།
基础等待时间: 1.5秒
1. 输入文本...
文本输入完成 (长度: 19 字符)
2. 点击翻译按钮...
翻译结果仍在变化，继续等待... (已等待0.0秒)
文本输入完成 (长度: 29 字符)
2. 点击翻译按钮...

翻译尝试 1/3
原文长度: 18 字符
原文: རྟགས་འཇུག་གི་སྐོར།
基础等待时间: 1.5秒
1. 输入文本...
点击成功
3. 等待翻译...
等待翻译: 1.5秒
点击成功
3. 等待翻译...
等待翻译: 1.5秒
翻译结果仍在变化，继续等待... (已等待0.0秒)
文本输入完成 (长度: 13 字符)
2. 点击翻译按钮...
文本输入完成 (长度: 24 字符)
2. 点击翻译按钮...
翻译结果仍在变化，继续等待... (已等待0.0秒)

翻译尝试 1/3
原文长度: 28 字符
原文: ང་རང་སྐབས་སྐབས་ལ་ཞེ་སྡང་དང་།
基础等待时间: 1.5秒
1. 输入文本...
文本输入完成 (长度: 18 字符)
2. 点击翻译按钮...
点击成功
3. 等待翻译...
等待翻译: 1.5秒

翻译尝试 1/3
原文长度: 30 字符
原文: རྟ་བྲིས་ནས་དེ་ཉིད་དུ་འདུག་སྟེ།
基础等待时间: 1.5秒
1. 输入文本...
点击成功
3. 等待翻译...
等待翻译: 1.5秒

翻译尝试 1/3
原文长度: 119 字符
原文预览: དེའི་ཚེ་རྒྱལ་བུས་ཤིང་གི་ཚལ་བ་རྣོན་པོས་ལུས་ལ་ཁྲག་སྟུ་དནསསྟག་མོ་ལ་ལྷག་ཏུ་བཅུག་པ་དད...
基础等待时间: 4.0秒
1. 输入文本...
翻译结果仍在变化，继续等待... (已等待4.5秒)
翻译结果仍在变化，继续等待... (已等待0.0秒)
点击成功
3. 等待翻译...
等待翻译: 1.5秒

翻译尝试 1/3
原文长度: 57 字符
原文: གཤེན་རབ་མཆོག་དེ་བཞིན་གཤེགས་པ་དགྲ་བཅོམ་པ་ཡང་དག་པར་རྫོགས་པ།
基础等待时间: 2.5秒
1. 输入文本...
翻译结果稳定，总等待时间: 3.0秒
4. 获取翻译结果...
翻译成功 (长度: 14 字符)
结果: 如兔子（rabbit）的腿。

翻译尝试 1/3
原文长度: 65 字符
原文: དུས་གང་ཚེ་བདག་དང་རང་ཕྱོགས་ལ་ཡོན་ཏན་བརྗོད་པས་བསྟོད་པ་ལྷུར་ལེན་པའམ།
基础等待时间: 2.5秒
1. 输入文本...
文本输入完成 (长度: 28 字符)
2. 点击翻译按钮...
文本输入完成 (长度: 30 字符)
2. 点击翻译按钮...
点击成功
3. 等待翻译...
等待翻译: 1.5秒
点击成功
3. 等待翻译...
等待翻译: 1.5秒

翻译尝试 1/3
原文长度: 72 字符
原文: རྒྱན་མེད་དེ་ལ་དཔྲལ་བའི་དབུས་ན་ཡང་སྤྱན་གཅིག་འདུག་པས་སྤྱན་གསུམ་པར་མཐོང་ངོ།
基础等待时间: 2.5秒
1. 输入文本...

翻译尝试 1/3
原文长度: 64 字符
原文: ཨ་སྟག་གིས་ཆུ་ཁོལ་དཀར་ཡོལ་གང་བླུགས་ནས་ཨ་མའི་སྔས་འགྲམ་དུ་བཞག་ཅིང་།
基础等待时间: 2.5秒
1. 输入文本...
翻译结果仍在变化，继续等待... (已等待0.0秒)
文本输入完成 (长度: 57 字符)
2. 点击翻译按钮...
翻译结果仍在变化，继续等待... (已等待5.0秒)
文本输入完成 (长度: 119 字符)
2. 点击翻译按钮...
点击成功
3. 等待翻译...
等待翻译: 2.5秒
文本输入完成 (长度: 65 字符)
2. 点击翻译按钮...
点击成功
3. 等待翻译...
等待翻译: 4.0秒
翻译结果仍在变化，继续等待... (已等待0.0秒)
点击成功
3. 等待翻译...
等待翻译: 2.5秒
文本输入完成 (长度: 72 字符)
2. 点击翻译按钮...
翻译结果仍在变化，继续等待... (已等待0.0秒)
文本输入完成 (长度: 64 字符)
2. 点击翻译按钮...

翻译尝试 1/3
原文长度: 105 字符
原文预览: རྒྱལ་པོ་ཁྲི་སྲོང་ལྡེའུ་བཙན་གྱི་སྐུ་རིང་ལ་བེ་རོ་ཙ་ནས་རྒྱ་གར་ལ་ཁུངས་བཙལ་ནས་སེམས་ཕྱ...
基础等待时间: 4.0秒
1. 输入文本...
点击成功
3. 等待翻译...
等待翻译: 2.5秒

翻译尝试 1/3
原文长度: 34 字符
原文: རྫོགས་པར་འགྱུར་མེད་ཡེ་ནས་སེམས་གཞི།
基础等待时间: 2.5秒
1. 输入文本...
点击成功
3. 等待翻译...
等待翻译: 2.5秒
翻译结果仍在变化，继续等待... (已等待5.5秒)
翻译结果稳定，总等待时间: 4.0秒
4. 获取翻译结果...
翻译成功 (长度: 19 字符)
结果: 在短短一夜之内，拉萨人口成倍地增加了。
翻译结果仍在变化，继续等待... (已等待0.0秒)

翻译尝试 1/3
原文长度: 25 字符
原文: དེ་མ་ཚང་བས་འཇིག་པར་འགྱུར།
基础等待时间: 1.5秒
1. 输入文本...
翻译结果仍在变化，继续等待... (已等待0.0秒)
文本输入完成 (长度: 34 字符)
2. 点击翻译按钮...
翻译结果稳定，总等待时间: 5.5秒
4. 获取翻译结果...
翻译成功 (长度: 19 字符)
结果: 我心向加纳，愿以赞叹佛祖文殊菩萨之名。

翻译尝试 1/3
原文长度: 29 字符
原文: གནུབས་སྙ་དོ་རེ་གཙུག་བློན་དང་།
基础等待时间: 1.5秒
1. 输入文本...

翻译尝试 1/3
原文长度: 28 字符
原文: ཞབས་ཀྱིས་པདྨར་གནོན་པར་བཞུགས།
基础等待时间: 1.5秒
1. 输入文本...
点击成功
3. 等待翻译...
等待翻译: 2.5秒
翻译结果稳定，总等待时间: 3.0秒
4. 获取翻译结果...
翻译成功 (长度: 5 字符)
结果: 每日三次。
翻译结果仍在变化，继续等待... (已等待0.0秒)
文本输入完成 (长度: 105 字符)
2. 点击翻译按钮...
翻译结果仍在变化，继续等待... (已等待0.0秒)
翻译结果仍在变化，继续等待... (已等待0.0秒)

翻译尝试 1/3
原文长度: 21 字符
原文: ནམ་ཞིག་དུས་ཀྱི་ཐ་མ་ལ།
基础等待时间: 1.5秒
1. 输入文本...
文本输入完成 (长度: 25 字符)
2. 点击翻译按钮...
翻译结果仍在变化，继续等待... (已等待6.0秒)
翻译结果仍在变化，继续等待... (已等待0.0秒)
点击成功
3. 等待翻译...
等待翻译: 4.0秒
翻译结果稳定，总等待时间: 5.5秒
4. 获取翻译结果...
翻译成功 (长度: 25 字符)
结果: 而且，词所包含的逻辑意义不仅是用来区别句子的意义。
点击成功
3. 等待翻译...
等待翻译: 1.5秒
文本输入完成 (长度: 29 字符)
2. 点击翻译按钮...
文本输入完成 (长度: 28 字符)
2. 点击翻译按钮...
翻译结果仍在变化，继续等待... (已等待0.0秒)
文本输入完成 (长度: 21 字符)
2. 点击翻译按钮...
点击成功
3. 等待翻译...
等待翻译: 1.5秒
点击成功
3. 等待翻译...
等待翻译: 1.5秒
翻译结果仍在变化，继续等待... (已等待0.0秒)
翻译结果仍在变化，继续等待... (已等待0.0秒)
点击成功
3. 等待翻译...
等待翻译: 1.5秒
翻译结果稳定，总等待时间: 4.0秒
4. 获取翻译结果...
翻译成功 (长度: 13 字符)
结果: 凡是可憎者，皆有可爱之处。
翻译结果仍在变化，继续等待... (已等待6.5秒)

翻译尝试 1/3
原文长度: 131 字符
原文预览: གཞན་ཡང་གང་གི་ཚེ་འདི་སྐད་ཅེས་སྐྱེ་བའི་སྔ་རོལ་ན་མེད་པ་གང་ཡིན་པ་དེ་ནི་སྐྱེ་བར་འགྱུར...
基础等待时间: 4.0秒
1. 输入文本...
翻译结果稳定，总等待时间: 4.0秒
4. 获取翻译结果...
翻译成功 (长度: 12 字符)
结果: 达瓦和尚藏起来了你的消息
翻译结果稳定，总等待时间: 4.0秒
4. 获取翻译结果...
翻译成功 (长度: 15 字符)
结果: 我要在食物里下毒杀死他们两个。
翻译结果仍在变化，继续等待... (已等待7.0秒)
文本输入完成 (长度: 131 字符)
2. 点击翻译按钮...
翻译结果稳定，总等待时间: 3.0秒
4. 获取翻译结果...
翻译成功 (长度: 2 字符)
结果: 指。
翻译结果稳定，总等待时间: 3.0秒
4. 获取翻译结果...
翻译成功 (长度: 8 字符)
结果: 还是让它萎缩吧。
点击成功
3. 等待翻译...
等待翻译: 4.0秒
翻译结果稳定，总等待时间: 3.0秒
4. 获取翻译结果...
翻译结果稳定，总等待时间: 5.5秒
4. 获取翻译结果...
翻译成功 (长度: 4 字符)
结果: 示之也。
翻译结果仍在变化，继续等待... (已等待0.0秒)
翻译结果稳定，总等待时间: 3.0秒
4. 获取翻译结果...
翻译成功 (长度: 21 字符)
结果: 国王也对它着了迷，放下手中的事，专注于它。
翻译成功 (长度: 3 字符)
结果: 等等。
翻译结果仍在变化，继续等待... (已等待0.0秒)
翻译结果仍在变化，继续等待... (已等待7.5秒)

翻译尝试 1/3
原文长度: 53 字符
原文: བཅིངས་འགྲོལ་དམག་གིས་འཁྲིད་ཡོང་བའི་རྟ་དྲེལ་དང་རྔ་མོང་།
基础等待时间: 2.5秒
1. 输入文本...
翻译结果仍在变化，继续等待... (已等待0.0秒)
翻译结果稳定，总等待时间: 3.0秒
4. 获取翻译结果...
翻译成功 (长度: 2 字符)
结果: 标注
翻译结果仍在变化，继续等待... (已等待0.0秒)
翻译结果仍在变化，继续等待... (已等待0.0秒)
翻译结果稳定，总等待时间: 4.0秒
4. 获取翻译结果...
翻译结果仍在变化，继续等待... (已等待0.0秒)

翻译尝试 1/3
原文长度: 73 字符
原文: དེཡང་ཐབས་དང་ཤེས་རབཀྱི་བདག་ཉིད་པས་གཡའ་གཡོནནས་རྩག་མ་ཇི་ལྟར་བདེ་བར་བསྒོམ་མོ།
基础等待时间: 2.5秒
1. 输入文本...
翻译成功 (长度: 15 字符)
结果: 现在的国王几乎都是民族的出身。

翻译尝试 1/3
原文长度: 28 字符
原文: གཞུང་རྒྱས་གཞན་ལས་བདག་གིས་ནི།
基础等待时间: 1.5秒
1. 输入文本...
翻译结果仍在变化，继续等待... (已等待0.0秒)
翻译结果稳定，总等待时间: 3.0秒
4. 获取翻译结果...
翻译结果稳定，总等待时间: 3.0秒
4. 获取翻译结果...
翻译结果仍在变化，继续等待... (已等待0.0秒)
翻译成功 (长度: 8 字符)
结果: 我有时感到愤怒。
翻译成功 (长度: 7 字符)
结果: 把马画在那里。
翻译结果仍在变化，继续等待... (已等待0.0秒)
文本输入完成 (长度: 53 字符)
2. 点击翻译按钮...

翻译尝试 1/3
原文长度: 71 字符
原文: ལ་དོན་གྱི་ཚིག་ཕྲད་སྦྱོར་བའི་ཚེ་ཕྱོགས་མཚམས་སྟོན་པའི་མིང་མེད་ཀྱང་ཆོག་མོད།
基础等待时间: 2.5秒
1. 输入文本...
翻译结果仍在变化，继续等待... (已等待8.0秒)
点击成功
3. 等待翻译...
等待翻译: 2.5秒
文本输入完成 (长度: 28 字符)
2. 点击翻译按钮...
文本输入完成 (长度: 73 字符)
2. 点击翻译按钮...
点击成功
3. 等待翻译...
等待翻译: 1.5秒
点击成功
3. 等待翻译...
等待翻译: 2.5秒
翻译结果仍在变化，继续等待... (已等待0.0秒)

翻译尝试 1/3
原文长度: 22 字符
原文: མི་གཙང་བ་ལ་གཏི་མུག་ནི།
基础等待时间: 1.5秒
1. 输入文本...
文本输入完成 (长度: 71 字符)
2. 点击翻译按钮...
点击成功
3. 等待翻译...
等待翻译: 2.5秒
翻译结果仍在变化，继续等待... (已等待8.5秒)

翻译尝试 1/3
原文长度: 34 字符
原文: ཅི་ཁྱོད་ཀྱིས་སྔོན་ལན་འགའ་བསླངས་སམ།
基础等待时间: 2.5秒
1. 输入文本...
文本输入完成 (长度: 22 字符)
2. 点击翻译按钮...

翻译尝试 1/3
原文长度: 63 字符
原文: དེ་བཞིན་དུ་རྐུན་མ་གཅིག་པུས་བཟའ་ཆས་ནང་དུག་བཏབ་པ་དང་ཕྱིར་ལོག་ཙ་ན།
基础等待时间: 2.5秒
1. 输入文本...
点击成功
3. 等待翻译...
等待翻译: 1.5秒
文本输入完成 (长度: 34 字符)
2. 点击翻译按钮...
翻译结果稳定，总等待时间: 5.5秒
4. 获取翻译结果...
翻译结果验证失败: 结果过短 (23字符 vs 原文127字符)
当前结果: 知道解脱的果实，乃是五明之觉，故教义非常严深。...
将重试...
翻译结果仍在变化，继续等待... (已等待0.0秒)
翻译结果稳定，总等待时间: 4.0秒
4. 获取翻译结果...
翻译结果仍在变化，继续等待... (已等待9.0秒)
翻译成功 (长度: 15 字符)
结果: 仙人佛，诸圣人，所有的成道者。
点击成功
3. 等待翻译...
等待翻译: 2.5秒
翻译结果稳定，总等待时间: 3.0秒
4. 获取翻译结果...
翻译成功 (长度: 9 字符)
结果: 不具备它就会灭亡。

翻译尝试 1/3
原文长度: 19 字符
原文: ཞེས་པ་དེར་གདའ་ཞིང་།
基础等待时间: 1.5秒
1. 输入文本...

翻译尝试 1/3
原文长度: 29 字符
原文: གཟར་འདུག་བྱེད་དུ་བཅུག་ན་བཟང་།
基础等待时间: 1.5秒
1. 输入文本...
翻译结果稳定，总等待时间: 4.0秒
4. 获取翻译结果...
文本输入完成 (长度: 63 字符)
2. 点击翻译按钮...
翻译成功 (长度: 23 字符)
结果: 哪一时侯我和我方说起优点时，会争先恐后地夸赞。
翻译结果稳定，总等待时间: 3.0秒
4. 获取翻译结果...
翻译结果稳定，总等待时间: 3.0秒
4. 获取翻译结果...
翻译成功 (长度: 12 字符)
结果: 尼木扎豆日贡和安曲日贡。
翻译成功 (长度: 6 字符)
结果: 脚踏莲花座。
点击成功
3. 等待翻译...
等待翻译: 2.5秒
翻译结果稳定，总等待时间: 3.0秒
4. 获取翻译结果...

翻译尝试 1/3
原文长度: 13 字符
原文: བསྟན་པར་བྱའོ།
基础等待时间: 1.5秒
1. 输入文本...
翻译成功 (长度: 8 字符)
结果: 无论在何时何地。

翻译尝试 1/3
原文长度: 24 字符
原文: དེ་ཅང་མི་ཟེར་བར་འདུག་གོ།
基础等待时间: 1.5秒
1. 输入文本...
翻译结果稳定，总等待时间: 4.0秒
4. 获取翻译结果...

翻译尝试 1/3
原文长度: 30 字符
原文: རིག་པར་མི་འགྱུར་གང་ཡིན་དེ་ལའོ།
基础等待时间: 1.5秒
1. 输入文本...
文本输入完成 (长度: 19 字符)
2. 点击翻译按钮...
翻译结果稳定，总等待时间: 4.0秒
4. 获取翻译结果...
翻译成功 (长度: 20 字符)
结果: 无冠者额中间又有一只眼，所以被视为三眼。
翻译成功 (长度: 18 字符)
结果: 阿达端上了碗热水，放在了母亲的枕边。
文本输入完成 (长度: 29 字符)
2. 点击翻译按钮...

翻译尝试 1/3
原文长度: 7 字符
原文: དེར་ཐལ།
基础等待时间: 1.5秒
1. 输入文本...

翻译尝试 3/3
原文长度: 127 字符
原文预览: ཞེས་གསུངས་པས་གྲོལ་བ་དངོས་ཀྱི་འབྲས་བུ་རྫོགས་པ་ནི་ཡེ་ཤེས་ལྔའི་སྣང་བ་ཡིན་པས་རྒྱུད་ཀ...
基础等待时间: 4.0秒
1. 输入文本...
点击成功
3. 等待翻译...
等待翻译: 1.5秒
翻译结果仍在变化，继续等待... (已等待9.5秒)
点击成功
3. 等待翻译...
等待翻译: 1.5秒
文本输入完成 (长度: 13 字符)
2. 点击翻译按钮...

翻译尝试 1/3
原文长度: 31 字符
原文: དེ་དག་གི་རྒྱགས་པ་ཡང་མི་རིགས་སོ།
基础等待时间: 2.5秒
1. 输入文本...
文本输入完成 (长度: 24 字符)
2. 点击翻译按钮...
翻译结果仍在变化，继续等待... (已等待0.0秒)
文本输入完成 (长度: 30 字符)
2. 点击翻译按钮...
点击成功
3. 等待翻译...
等待翻译: 1.5秒

翻译尝试 1/3
原文长度: 66 字符
原文: རང་བདེ་བ་ཅན་དུ་སྐྱེ་ནས་སྐྱིད་པོ་གཏོང་སྟེ་འདུག་སྙམ་པ་ལྟ་བུ་མ་ཡིན་པ།
基础等待时间: 2.5秒
1. 输入文本...
文本输入完成 (长度: 7 字符)
2. 点击翻译按钮...

翻译尝试 1/3
原文长度: 168 字符
原文预览: ཡར་ངོའི་བརྒྱད་དམ་བཅུ་བཞི་ལ་བ་བླ་བླངས་ནས་ལྷ་ཆེན་པོའི་བྱང་ཕྱོགས་སུ་ཀུ་ཤའི་ཆངས་བུ་ལ...
基础等待时间: 6.0秒
1. 输入文本...
点击成功
3. 等待翻译...
等待翻译: 1.5秒
翻译结果稳定，总等待时间: 4.0秒
4. 获取翻译结果...
点击成功
3. 等待翻译...
等待翻译: 1.5秒
翻译成功 (长度: 10 字符)
结果: 根本没有终止的可能。
翻译结果仍在变化，继续等待... (已等待0.0秒)
点击成功
3. 等待翻译...
等待翻译: 1.5秒
文本输入完成 (长度: 31 字符)
2. 点击翻译按钮...
达到最大额外等待时间 (10秒)
4. 获取翻译结果...
翻译成功 (长度: 197 字符)
结果预览: 咒语:珠哉若唷呱唷嘘唷呱唷唷唷唷唷唷唷唷唷唷唷唷唷唷唷唷唷唷唷唷唷唷唷唷唷唷唷唷唷唷唷唷唷唷唷唷唷唷唷唷唷唷唷唷唷唷唷唷唷唷唷唷唷唷唷唷唷唷唷唷唷唷唷唷唷唷唷唷唷唷唷唷唷唷唷唷唷唷唷唷唷唷唷唷唷唷唷唷...
文本输入完成 (长度: 127 字符)
2. 点击翻译按钮...
点击成功
3. 等待翻译...
等待翻译: 2.5秒
点击成功
3. 等待翻译...
等待翻译: 4.0秒
文本输入完成 (长度: 66 字符)
2. 点击翻译按钮...
翻译结果仍在变化，继续等待... (已等待0.0秒)
点击成功
3. 等待翻译...
等待翻译: 2.5秒
文本输入完成 (长度: 168 字符)
2. 点击翻译按钮...
翻译结果仍在变化，继续等待... (已等待0.0秒)
翻译结果稳定，总等待时间: 5.5秒
4. 获取翻译结果...
翻译成功 (长度: 29 字符)
结果: 这时王子用刀割开了自己的手臂，让老虎来把手臂里的肉全吃掉。
点击成功
3. 等待翻译...
等待翻译: 6.0秒
翻译结果仍在变化，继续等待... (已等待0.0秒)
翻译结果仍在变化，继续等待... (已等待0.0秒)

翻译尝试 1/3
原文长度: 57 字符
原文: གཤེན་རབ་མཆོག་དེ་བཞིན་གཤེགས་པ་དགྲ་བཅོམ་པ་ཡང་དག་པར་རྫོགས་པ།
基础等待时间: 2.5秒
1. 输入文本...
翻译结果仍在变化，继续等待... (已等待0.0秒)

翻译尝试 1/3
原文长度: 31 字符
原文: དེ་ལྟར་བདེ་བ་མེད་པར་གྱུར་པ་དང་།
基础等待时间: 2.5秒
1. 输入文本...
翻译结果仍在变化，继续等待... (已等待0.0秒)
翻译结果仍在变化，继续等待... (已等待0.0秒)

翻译尝试 1/3
原文长度: 125 字符
原文预览: ཁྲི་དང་མལ་སྟན་སྣོད་སྤྱད་ལ་སོགས་པ་ལ་འདུག་པ་དང་ལེན་པ་ལ་སོགས་པའི་ཚེ་བབ་ཅོལ་དུ་སྟེ་མ...
基础等待时间: 4.0秒
1. 输入文本...

翻译尝试 1/3
原文长度: 25 字符
原文: ཁུ་སྨོན་ཏོ་རེ་ཕངས་ཚབ་དང་།
基础等待时间: 1.5秒
1. 输入文本...

翻译尝试 1/3
原文长度: 27 字符
原文: རྒྱལ་བའི་པགས་པ་རྣམ་པར་སྤངས།
基础等待时间: 1.5秒
1. 输入文本...
翻译结果稳定，总等待时间: 3.0秒
4. 获取翻译结果...
翻译成功 (长度: 11 字符)
结果: 除经典外我所能记得的。
翻译结果仍在变化，继续等待... (已等待0.0秒)
翻译结果仍在变化，继续等待... (已等待0.0秒)
翻译结果仍在变化，继续等待... (已等待0.0秒)

翻译尝试 1/3
原文长度: 31 字符
原文: མགོ་ལ་སྨྱུག་འཐག་དཀོན་ཀྱིན་འདུག།
基础等待时间: 2.5秒
1. 输入文本...
文本输入完成 (长度: 31 字符)
2. 点击翻译按钮...

翻译尝试 1/3
原文长度: 24 字符
原文: རང་བྱུང་རང་ཞི་མི་རྟོག་པ།
基础等待时间: 1.5秒
1. 输入文本...

翻译尝试 1/3
原文长度: 68 字符
原文: ཉི་འོད་ཀྱི་འོག་ནས་ཀྱང་ལྕགས་རིའི་གྲིབ་གཟུགས་ཙམ་ཡང་རྙེད་པར་མ་གྱུར་མོད།
基础等待时间: 2.5秒
1. 输入文本...
翻译结果仍在变化，继续等待... (已等待0.0秒)
文本输入完成 (长度: 57 字符)
2. 点击翻译按钮...
翻译结果稳定，总等待时间: 5.5秒
4. 获取翻译结果...
点击成功
3. 等待翻译...
等待翻译: 2.5秒
翻译成功 (长度: 30 字符)
结果: 赤松德赞王时，维罗扎纳从印度引经来，传入大唐，思想影响很大。
文本输入完成 (长度: 25 字符)
2. 点击翻译按钮...
文本输入完成 (长度: 27 字符)
2. 点击翻译按钮...
翻译结果仍在变化，继续等待... (已等待0.0秒)
点击成功
3. 等待翻译...
等待翻译: 2.5秒
文本输入完成 (长度: 31 字符)
2. 点击翻译按钮...
点击成功
3. 等待翻译...
等待翻译: 1.5秒
点击成功
3. 等待翻译...
等待翻译: 1.5秒
文本输入完成 (长度: 24 字符)
2. 点击翻译按钮...
文本输入完成 (长度: 125 字符)
2. 点击翻译按钮...
点击成功
3. 等待翻译...
等待翻译: 2.5秒

翻译尝试 1/3
原文长度: 10 字符
原文: ཅེས་གསུངས།
基础等待时间: 1.5秒
1. 输入文本...
点击成功
3. 等待翻译...
等待翻译: 1.5秒
翻译结果仍在变化，继续等待... (已等待0.0秒)
文本输入完成 (长度: 68 字符)
2. 点击翻译按钮...
翻译结果稳定，总等待时间: 3.0秒
4. 获取翻译结果...
点击成功
3. 等待翻译...
等待翻译: 4.0秒
翻译成功 (长度: 6 字符)
结果: 污秽的无知是
点击成功
3. 等待翻译...
等待翻译: 2.5秒

翻译尝试 1/3
原文长度: 34 字符
原文: བཛྲ་བེ་རོ་ཙ་ནཱི་ཡེ་ཧ་ཱུཾ་ཕཊ་སྭཱ་ཧཱ།
基础等待时间: 2.5秒
1. 输入文本...
翻译结果稳定，总等待时间: 4.0秒
4. 获取翻译结果...
文本输入完成 (长度: 10 字符)
2. 点击翻译按钮...
翻译成功 (长度: 12 字符)
结果: 解放军带来的骡马和骆驼。
点击成功
3. 等待翻译...
等待翻译: 1.5秒
翻译结果稳定，总等待时间: 4.0秒
4. 获取翻译结果...
翻译成功 (长度: 18 字符)
结果: 也就是智慧的自在，如何安住在静默中。
文本输入完成 (长度: 34 字符)
2. 点击翻译按钮...
点击成功
3. 等待翻译...
等待翻译: 2.5秒
翻译结果稳定，总等待时间: 4.0秒
4. 获取翻译结果...

翻译尝试 1/3
原文长度: 81 字符
原文预览: སྔར་སྨྲས་པའི་ཚུལ་བརྟགསཔ་ན་གདོན་མ་ཟ་བར་སྟག་མོ་ལྟོགས་པ་སྙོད་རུ་མེད་དོ་སྙམ་པས་མས་ནས...
基础等待时间: 4.0秒
1. 输入文本...
翻译成功 (长度: 14 字符)
结果: 在构造上，指示语可缺少名词。
翻译结果仍在变化，继续等待... (已等待0.0秒)
翻译结果稳定，总等待时间: 3.0秒
4. 获取翻译结果...
翻译成功 (长度: 9 字符)
结果: 所谓“一门学问”。
翻译结果稳定，总等待时间: 3.0秒
4. 获取翻译结果...
翻译成功 (长度: 8 字符)
结果: 让它倾斜着是好的
翻译结果稳定，总等待时间: 5.5秒
4. 获取翻译结果...
翻译结果验证失败: 结果过短 (23字符 vs 原文131字符)
当前结果: 此外，当某人这样发誓：生前不在，死后即为生时。...
将重试...
翻译结果仍在变化，继续等待... (已等待0.0秒)
翻译结果稳定，总等待时间: 3.0秒
4. 获取翻译结果...
翻译结果稳定，总等待时间: 3.0秒
4. 获取翻译结果...
翻译成功 (长度: 5 字符)
结果: 予以示明。
翻译结果稳定，总等待时间: 3.0秒
4. 获取翻译结果...
翻译成功 (长度: 4 字符)
结果: 那没什么
翻译成功 (长度: 6 字符)
结果: 不变的知识。
翻译结果稳定，总等待时间: 3.0秒
4. 获取翻译结果...
文本输入完成 (长度: 81 字符)
2. 点击翻译按钮...
翻译成功 (长度: 3 字符)
结果: 是的。
翻译结果稳定，总等待时间: 4.0秒
4. 获取翻译结果...
点击成功
3. 等待翻译...
等待翻译: 4.0秒
翻译成功 (长度: 13 字符)
结果: 你以前有没有被人叫过几声？
翻译结果仍在变化，继续等待... (已等待0.0秒)
翻译结果仍在变化，继续等待... (已等待0.0秒)

翻译尝试 1/3
原文长度: 26 字符
原文: ཉོན་མོངས་པ་ཅན་གྱི་ཡིད་དང་།
基础等待时间: 1.5秒
1. 输入文本...

翻译尝试 2/3
原文长度: 131 字符
原文预览: གཞན་ཡང་གང་གི་ཚེ་འདི་སྐད་ཅེས་སྐྱེ་བའི་སྔ་རོལ་ན་མེད་པ་གང་ཡིན་པ་དེ་ནི་སྐྱེ་བར་འགྱུར...
基础等待时间: 4.0秒
1. 输入文本...
翻译结果仍在变化，继续等待... (已等待0.0秒)
翻译结果稳定，总等待时间: 4.0秒
4. 获取翻译结果...
翻译成功 (长度: 25 字符)
结果: 这样，盗贼一个人把毒物投进食物里，等他出去的时候。

翻译尝试 1/3
原文长度: 69 字符
原文: གལ་ཏེ་རྒྱུད་དེ་དག་བརྩམས་པའི་ནག་ལ་བེ་རོ་ཙ་ན་ཚ་བ་རོང་དུ་སྤྱུགས་པ་ཡིན་ན།
基础等待时间: 2.5秒
1. 输入文本...
文本输入完成 (长度: 26 字符)
2. 点击翻译按钮...
点击成功
3. 等待翻译...
等待翻译: 1.5秒
翻译结果仍在变化，继续等待... (已等待0.0秒)

翻译尝试 1/3
原文长度: 35 字符
原文: མི་གཙང་བའི་རང་བཞིན་ཡིན་པའི་ཕྱིར་རོ།
基础等待时间: 2.5秒
1. 输入文本...
文本输入完成 (长度: 131 字符)
2. 点击翻译按钮...
文本输入完成 (长度: 69 字符)
2. 点击翻译按钮...
翻译结果仍在变化，继续等待... (已等待0.0秒)
点击成功
3. 等待翻译...
等待翻译: 4.0秒
点击成功
3. 等待翻译...
等待翻译: 2.5秒
翻译结果仍在变化，继续等待... (已等待0.0秒)

翻译尝试 1/3
原文长度: 73 字符
原文: ཁོང་ཚོས་ཁའི་ཙི་དང་ཕོར་པ་སྟོང་པ་འཁྱེར་བ་མ་གཏོགས་ལག་པ་སྟོང་པ་ལ་སླེབས་བྱུང་།
基础等待时间: 2.5秒
1. 输入文本...
翻译结果稳定，总等待时间: 4.0秒
4. 获取翻译结果...
文本输入完成 (长度: 35 字符)
2. 点击翻译按钮...
翻译成功 (长度: 10 字符)
结果: 它们的胖也不算太多。
翻译结果仍在变化，继续等待... (已等待0.0秒)
翻译结果仍在变化，继续等待... (已等待0.0秒)
点击成功
3. 等待翻译...
等待翻译: 2.5秒

翻译尝试 1/3
原文长度: 67 字符
原文: ཇིགས་དྲུག་གི་རང་བཞིན་བཅོམ་ལྡན་འདས་ལ་བསྟོད་པའི་བསམ་པས་བརྗོད་པར་བྱའོ།
基础等待时间: 2.5秒
1. 输入文本...
翻译结果稳定，总等待时间: 4.0秒
4. 获取翻译结果...
翻译成功 (长度: 13 字符)
结果: 不是想生在天堂，坐享其成。
翻译结果仍在变化，继续等待... (已等待0.0秒)
文本输入完成 (长度: 73 字符)
2. 点击翻译按钮...

翻译尝试 1/3
原文长度: 30 字符
原文: ཞེས་པ་ལྟ་བུར་སྦྱར་ཀྱང་ཆོག་མོད།
基础等待时间: 1.5秒
1. 输入文本...

翻译尝试 1/3
原文长度: 47 字符
原文: ཞེས་པ་དེར་གདའ་པཞིང་ཀྱེ་མ་ཞེས་པ་ནི་འབོད་པའི་ཚིག།
基础等待时间: 2.5秒
1. 输入文本...
点击成功
3. 等待翻译...
等待翻译: 2.5秒

翻译尝试 1/3
原文长度: 11 字符
原文: ང་འདུག་ཟེར།
基础等待时间: 1.5秒
1. 输入文本...
文本输入完成 (长度: 67 字符)
2. 点击翻译按钮...
翻译结果稳定，总等待时间: 3.0秒
4. 获取翻译结果...
翻译结果稳定，总等待时间: 3.0秒
4. 获取翻译结果...
翻译成功 (长度: 8 字符)
结果: 无可奈何的感慨。
翻译成功 (长度: 6 字符)
结果: 胜利的皮毛。
文本输入完成 (长度: 30 字符)
2. 点击翻译按钮...

翻译尝试 1/3
原文长度: 13 字符
原文: བསྟན་པར་བྱའོ།
基础等待时间: 1.5秒
1. 输入文本...
点击成功
3. 等待翻译...
等待翻译: 2.5秒

翻译尝试 1/3
原文长度: 24 字符
原文: དེ་ཅང་མི་ཟེར་བར་འདུག་གོ།
基础等待时间: 1.5秒
1. 输入文本...
翻译结果稳定，总等待时间: 3.0秒
4. 获取翻译结果...

翻译尝试 1/3
原文长度: 99 字符
原文预览: པའི་དྲང་དོན་གྱི་སྒྲ་ཇི་བཞིན་པ་ལ་གནོད་བྱེད་སྟོན་པར་སླ་བ་ཡིན་ནོ་ ཞེས་ཤིན་ཏུ་གསལ་བར...
基础等待时间: 4.0秒
1. 输入文本...
文本输入完成 (长度: 47 字符)
2. 点击翻译按钮...
翻译成功 (长度: 8 字符)
结果: 不懂得自我克制。
文本输入完成 (长度: 11 字符)
2. 点击翻译按钮...
翻译结果仍在变化，继续等待... (已等待0.0秒)
点击成功
3. 等待翻译...
等待翻译: 1.5秒

翻译尝试 1/3
原文长度: 7 字符
原文: དེར་ཐལ།
基础等待时间: 1.5秒
1. 输入文本...
点击成功
3. 等待翻译...
等待翻译: 2.5秒
点击成功
3. 等待翻译...
等待翻译: 1.5秒

翻译尝试 1/3
原文长度: 48 字符
原文: ཅིའི་ཕྱིར་ཆུའི་སྒྲ་ཁོ་ནས་ལྷམ་དག་འབུད་པར་བྱེད་དམ།
基础等待时间: 2.5秒
1. 输入文本...
文本输入完成 (长度: 13 字符)
2. 点击翻译按钮...
文本输入完成 (长度: 24 字符)
2. 点击翻译按钮...
翻译结果仍在变化，继续等待... (已等待0.0秒)
文本输入完成 (长度: 7 字符)
2. 点击翻译按钮...
点击成功
3. 等待翻译...
等待翻译: 1.5秒
点击成功
3. 等待翻译...
等待翻译: 1.5秒
翻译结果稳定，总等待时间: 3.0秒
4. 获取翻译结果...
翻译成功 (长度: 5 字符)
结果: 甘乃迪说。
文本输入完成 (长度: 99 字符)
2. 点击翻译按钮...

翻译尝试 1/3
原文长度: 40 字符
原文: རྐུན་མ་གཉིས་བརྒྱུགས་ཏེ་ཁོ་རང་བཀུམ་པ་དང་།
基础等待时间: 2.5秒
1. 输入文本...
点击成功
3. 等待翻译...
等待翻译: 1.5秒
文本输入完成 (长度: 48 字符)
2. 点击翻译按钮...
点击成功
3. 等待翻译...
等待翻译: 4.0秒
点击成功
3. 等待翻译...
等待翻译: 2.5秒
翻译结果稳定，总等待时间: 4.0秒
4. 获取翻译结果...
翻译成功 (长度: 9 字符)
结果: 这样舒服的不好了。
翻译结果稳定，总等待时间: 4.0秒
4. 获取翻译结果...
翻译成功 (长度: 21 字符)
结果: 如来佛，如来世尊，如来千手千眼，千眼千手。
文本输入完成 (长度: 40 字符)
2. 点击翻译按钮...
翻译结果稳定，总等待时间: 5.5秒
4. 获取翻译结果...
翻译结果验证失败: 结果过短 (23字符 vs 原文127字符)
当前结果: 解脱的果实是五明觉，应该知道教义是很深很厚的。...
达到最大重试次数
翻译结果稳定，总等待时间: 4.0秒
4. 获取翻译结果...
翻译结果仍在变化，继续等待... (已等待0.0秒)
点击成功
3. 等待翻译...
等待翻译: 2.5秒
翻译成功 (长度: 6 字符)
结果: 头上缺竹丝。
翻译结果稳定，总等待时间: 4.0秒
4. 获取翻译结果...
翻译成功 (长度: 16 字符)
结果: 在阳光下，也没有见到城墙的影子。

翻译尝试 1/3
原文长度: 57 字符
原文: དེས་བྲམ་ཟེ་ཞིག་གི་ཁྱིམ་དུ་གསེར་གྱི་སྤྱི་བླུགས་ཞིག་གཏམས་ལ།
基础等待时间: 2.5秒
1. 输入文本...

翻译尝试 1/3
原文长度: 77 字符
原文: འོ་ན་ཇི་ལྟར་བྱ་དགོས་སམ་སྙམ་ན་རང་རང་སོ་སོའི་སྐལ་བ་དང་མཐུན་པ་གཅིག་གམ་གཉིས་གསུམ།
基础等待时间: 2.5秒
1. 输入文本...
翻译结果仍在变化，继续等待... (已等待0.0秒)
翻译结果仍在变化，继续等待... (已等待0.0秒)
翻译结果稳定，总等待时间: 4.0秒
4. 获取翻译结果...
翻译结果仍在变化，继续等待... (已等待0.0秒)
文本输入完成 (长度: 57 字符)
2. 点击翻译按钮...
翻译成功 (长度: 18 字符)
结果: 咒语是：咒啊，威罗扎尼耶哈哇，嘻咻！
翻译结果仍在变化，继续等待... (已等待0.0秒)
点击成功
3. 等待翻译...
等待翻译: 2.5秒

翻译尝试 1/3
原文长度: 39 字符
原文: དཀྱྀ་ཚབ་གྱི་བུ་ལ་མ་ཉེས་པར་བཀྱོན་དབབ་རེ།
基础等待时间: 2.5秒
1. 输入文本...

翻译尝试 1/3
原文长度: 28 字符
原文: ཕྱག་རྒྱ་ལྔ་ཡིས་རྣམ་པར་བརྒྱན།
基础等待时间: 1.5秒
1. 输入文本...
翻译结果稳定，总等待时间: 3.0秒
4. 获取翻译结果...
翻译结果仍在变化，继续等待... (已等待0.0秒)
翻译结果仍在变化，继续等待... (已等待0.0秒)
翻译成功 (长度: 4 字符)
结果: 烦恼心。
翻译结果仍在变化，继续等待... (已等待0.0秒)
文本输入完成 (长度: 77 字符)
2. 点击翻译按钮...

翻译尝试 1/3
原文长度: 183 字符
原文预览: དེ་ནས་ལམ་དུ་ནཱ་ལེནྡྲར་སྣ་ལེན་གྱི་ཚོགས་གྲལ་དུ་ནཱ་རོ་པས་བསྡུས་པའི་མཆེད་གྲོགས་ཁ་ཆེའ...
基础等待时间: 6.0秒
1. 输入文本...
翻译结果仍在变化，继续等待... (已等待0.0秒)
点击成功
3. 等待翻译...
等待翻译: 2.5秒
文本输入完成 (长度: 39 字符)
2. 点击翻译按钮...
文本输入完成 (长度: 28 字符)
2. 点击翻译按钮...
翻译结果仍在变化，继续等待... (已等待0.0秒)
翻译结果仍在变化，继续等待... (已等待0.0秒)
点击成功
3. 等待翻译...
等待翻译: 2.5秒
点击成功
3. 等待翻译...
等待翻译: 1.5秒

翻译尝试 1/3
原文长度: 39 字符
原文: ཞེས་གསུངས། ། དེ་དག་གོམས་ནས་ཉམས་སུ་བླངས།
基础等待时间: 2.5秒
1. 输入文本...
翻译结果仍在变化，继续等待... (已等待0.0秒)
翻译结果稳定，总等待时间: 5.5秒
4. 获取翻译结果...
翻译成功 (长度: 28 字符)
结果: 坐床、卧具等等，应坐应卧，慎重，不随便不吱声，不弃不舍。

翻译尝试 1/3
原文长度: 49 字符
原文: དེ་ཡང་རྡེབ་སྟེ་རྡིབ་པ་ཁོ་ན་ཐུག་པ་མེད་པར་འགྱུར་རོ།
基础等待时间: 2.5秒
1. 输入文本...
翻译结果仍在变化，继续等待... (已等待0.0秒)
文本输入完成 (长度: 183 字符)
2. 点击翻译按钮...
文本输入完成 (长度: 39 字符)
2. 点击翻译按钮...

翻译尝试 1/3
原文长度: 57 字符
原文: གཤེན་རབ་མཆོག་དེ་བཞིན་གཤེགས་པ་དགྲ་བཅོམ་པ་ཡང་དག་པར་རྫོགས་པ།
基础等待时间: 2.5秒
1. 输入文本...
点击成功
3. 等待翻译...
等待翻译: 6.0秒
点击成功
3. 等待翻译...
等待翻译: 2.5秒

翻译尝试 1/3
原文长度: 62 字符
原文: གཉིས་ནས་གསུངས་པའི་དོན་རང་སྣང་ལས་གཞན་སྣང་དུ་མེད་པའི་དོན་ཡིན་ནོ།
基础等待时间: 2.5秒
1. 输入文本...

翻译尝试 1/3
原文长度: 28 字符
原文: ཆུ་དང་བྲག་ལ་སྐྱུར་གྱིན་འདུག།
基础等待时间: 1.5秒
1. 输入文本...
文本输入完成 (长度: 49 字符)
2. 点击翻译按钮...
翻译结果仍在变化，继续等待... (已等待0.0秒)
点击成功
3. 等待翻译...
等待翻译: 2.5秒

翻译尝试 1/3
原文长度: 62 字符
原文: འོན་ཀྱང་དུད་ཁྱིམ་དབུལ་པོ་དེ་རུ་ཁོས་ལྕགས་རི་ལ་དརེག་ཐུབ་པ་བྱུང་།
基础等待时间: 2.5秒
1. 输入文本...
翻译结果仍在变化，继续等待... (已等待0.0秒)
文本输入完成 (长度: 57 字符)
2. 点击翻译按钮...
翻译结果稳定，总等待时间: 3.0秒
4. 获取翻译结果...
翻译成功 (长度: 11 字符)
结果: 也可以用“以信为资”。
翻译结果稳定，总等待时间: 4.0秒
4. 获取翻译结果...
翻译结果稳定，总等待时间: 7.5秒
4. 获取翻译结果...
翻译成功 (长度: 22 字符)
结果: 如果把这些品种从黑拉威洛扎那驱逐到热带谷地。
文本输入完成 (长度: 28 字符)
2. 点击翻译按钮...
翻译成功 (长度: 51 字符)
结果: 在上弦的八或十四日，用蜡烛烧大神的北面，接近苹果，念诵“迦特”（古梵语，意为智慧）三字，直到蜡烛燃尽。
文本输入完成 (长度: 62 字符)
2. 点击翻译按钮...
翻译结果稳定，总等待时间: 3.0秒
4. 获取翻译结果...
点击成功
3. 等待翻译...
等待翻译: 2.5秒
翻译成功 (长度: 5 字符)
结果: 说我留下来
点击成功
3. 等待翻译...
等待翻译: 1.5秒
点击成功
3. 等待翻译...
等待翻译: 2.5秒
翻译结果仍在变化，继续等待... (已等待0.0秒)
翻译结果稳定，总等待时间: 4.0秒
4. 获取翻译结果...
翻译结果稳定，总等待时间: 3.0秒
4. 获取翻译结果...
翻译成功 (长度: 10 字符)
结果: 而是由于不纯的性质。
翻译成功 (长度: 5 字符)
结果: 展现出来。
翻译结果稳定，总等待时间: 3.0秒
4. 获取翻译结果...
翻译成功 (长度: 7 字符)
结果: 那可不算什么。
文本输入完成 (长度: 62 字符)
2. 点击翻译按钮...
翻译结果稳定，总等待时间: 3.0秒
4. 获取翻译结果...
翻译成功 (长度: 4 字符)
结果: 差点儿。

翻译尝试 1/3
原文长度: 34 字符
原文: བཛྲ་བེ་རོ་ཙ་ནཱི་ཡེ་ཧ་ཱུཾ་ཕཊ་སྭཱ་ཧཱ།
基础等待时间: 2.5秒
1. 输入文本...
点击成功
3. 等待翻译...
等待翻译: 2.5秒
翻译结果稳定，总等待时间: 5.5秒
4. 获取翻译结果...
翻译结果仍在变化，继续等待... (已等待0.0秒)
翻译结果稳定，总等待时间: 4.0秒
4. 获取翻译结果...
翻译成功 (长度: 13 字符)
结果: 据此判断，必是虎不食老鼠。
翻译成功 (长度: 16 字符)
结果: 他们拿着袋子和空碗，手上空空的。
   进度: 20/500 (4.0%)

翻译尝试 1/3
原文长度: 61 字符
原文: ཉོན་མོངས་པ་བཞི་དང་རྟག་ཏུ་མཚུངས་པར་ལྡན་པས་ཉོན་མོངས་པ་ཅན་ཡིན་ལ།
基础等待时间: 2.5秒
1. 输入文本...
文本输入完成 (长度: 34 字符)
2. 点击翻译按钮...
翻译结果稳定，总等待时间: 4.0秒
4. 获取翻译结果...
翻译成功 (长度: 11 字符)
结果: 以六度的性，赞叹真主。
点击成功
3. 等待翻译...
等待翻译: 2.5秒
翻译结果稳定，总等待时间: 4.0秒
4. 获取翻译结果...
翻译成功 (长度: 20 字符)
结果: 是说“唔”“哎哟”“喔唷”“哎呀”等语。
文本输入完成 (长度: 61 字符)
2. 点击翻译按钮...
翻译结果仍在变化，继续等待... (已等待0.0秒)
点击成功
3. 等待翻译...
等待翻译: 2.5秒

翻译尝试 1/3
原文长度: 200 字符
原文预览: དུས་རྟག་ཏུ་རང་སྐྱོན་ལ་བསམ་ནས་གཅོམ་ཞེས་པ་བྱ་བ་གང་ལའང་འུར་ཆེན་པོ་གཞན་གྱིས་མཐོང་ཐོས...
基础等待时间: 6.0秒
1. 输入文本...
翻译结果仍在变化，继续等待... (已等待0.0秒)
翻译结果仍在变化，继续等待... (已等待0.0秒)
翻译结果稳定，总等待时间: 5.5秒
4. 获取翻译结果...
翻译成功 (长度: 32 字符)
结果: 另外，当任何人这样说：生命的前期是没有的，然而它是要变成生命的。
翻译结果稳定，总等待时间: 4.0秒
4. 获取翻译结果...
翻译成功 (长度: 12 字符)
结果: 为什么只用水声喷射鞋底？
翻译结果仍在变化，继续等待... (已等待0.0秒)
翻译结果仍在变化，继续等待... (已等待0.0秒)
翻译结果稳定，总等待时间: 4.0秒
4. 获取翻译结果...
翻译成功 (长度: 13 字符)
结果: 两个小偷扑上去把他按倒了。

翻译尝试 1/3
原文长度: 153 字符
原文预览: ལ་དོན་སྦྱར་སའི་ཡུལ་ལམ་བྱ་བའི་གཞི་གང་ཞིག་ལ་བྱ་བ་ཞིག་ཕར་བྱེད་པའམ་བྱས་ཟིན་ནམ་བྱ་འགྱ...
基础等待时间: 6.0秒
1. 输入文本...

翻译尝试 1/3
原文长度: 33 字符
原文: ཡིད་ཀྱི་ཉེས་པ་རང་བཞིན་འདུག་པ་སྟེ།
基础等待时间: 2.5秒
1. 输入文本...

翻译尝试 1/3
原文长度: 79 字符
原文: དེར་ཀླུའི་ལྕུག་མ་ཚྭ་དང་རང་སྐྱུར་གྱིས་བསྐུས་ནས་བསྲེགས་ན་ངེས་པར་ལྡང་བར་འགྱུར་བའམ།
基础等待时间: 2.5秒
1. 输入文本...
文本输入完成 (长度: 200 字符)
2. 点击翻译按钮...

翻译尝试 1/3
原文长度: 41 字符
原文: རྨ་ཆུ་ཆང་ཁང་དུ་ཐོན་དུས་ཅུང་ཙམ་བཟི་འདུག་ལ།
基础等待时间: 2.5秒
1. 输入文本...
翻译结果仍在变化，继续等待... (已等待0.0秒)
翻译结果稳定，总等待时间: 3.0秒
4. 获取翻译结果...
点击成功
3. 等待翻译...
等待翻译: 6.0秒
翻译成功 (长度: 10 字符)
结果: 五个手印，五个姿势。

翻译尝试 1/3
原文长度: 59 字符
原文: དེ་ལ་གང་བདེ་བ་ཡོད་པས་ཆགས་པར་རིགས་སོ་ཞེས་འདོད་པ་དེ་མ་ཡིན་ནོ།
基础等待时间: 2.5秒
1. 输入文本...

翻译尝试 1/3
原文长度: 13 字符
原文: བསྟན་པར་བྱའོ།
基础等待时间: 1.5秒
1. 输入文本...

翻译尝试 1/3
原文长度: 35 字符
原文: དེ་སྙད་མེད་པར་ཅང་མི་ཟེར་བར་འདུག་གོ།
基础等待时间: 2.5秒
1. 输入文本...
文本输入完成 (长度: 33 字符)
2. 点击翻译按钮...
翻译结果仍在变化，继续等待... (已等待0.0秒)
   进度: 20/500 (4.0%)

翻译尝试 1/3
原文长度: 38 字符
原文: གཟུགས་མི་འགྱུར་བའི་ལས་ཚིག་མ་ཡིན་པར་ཐལ།
基础等待时间: 2.5秒
1. 输入文本...
文本输入完成 (长度: 41 字符)
2. 点击翻译按钮...
点击成功
3. 等待翻译...
等待翻译: 2.5秒
文本输入完成 (长度: 79 字符)
2. 点击翻译按钮...
点击成功
3. 等待翻译...
等待翻译: 2.5秒
文本输入完成 (长度: 13 字符)
2. 点击翻译按钮...
点击成功
3. 等待翻译...
等待翻译: 2.5秒

翻译尝试 1/3
原文长度: 28 字符
原文: ནུ་བོ་ཐ་ཆུངས་སྟག་གིས་ཟོས་ཏེ།
基础等待时间: 1.5秒
1. 输入文本...
翻译结果仍在变化，继续等待... (已等待0.0秒)
文本输入完成 (长度: 35 字符)
2. 点击翻译按钮...

翻译尝试 1/3
原文长度: 77 字符
原文: ཁོ་ཚོའི་ཁ་ཟས་དང་ཉིན་རེའི་དགོས་མཁོའི་སྐལ་བ་དེ་རྩིས་མེད་ངང་ཇེ་ཉུང་དུ་བཏང་པ་རེད།
基础等待时间: 2.5秒
1. 输入文本...
文本输入完成 (长度: 153 字符)
2. 点击翻译按钮...
翻译结果稳定，总等待时间: 4.0秒
4. 获取翻译结果...
文本输入完成 (长度: 59 字符)
2. 点击翻译按钮...
翻译成功 (长度: 16 字符)
结果: 它在一位婆罗门家中装了一罐黄金。
点击成功
3. 等待翻译...
等待翻译: 1.5秒
文本输入完成 (长度: 38 字符)
2. 点击翻译按钮...
翻译结果仍在变化，继续等待... (已等待0.0秒)
点击成功
3. 等待翻译...
等待翻译: 2.5秒
点击成功
3. 等待翻译...
等待翻译: 6.0秒
点击成功
3. 等待翻译...
等待翻译: 2.5秒

翻译尝试 1/3
原文长度: 76 字符
原文: དེ་སྟོན་པ་ནི་མཚན་ཡང་དག་པར་བརྗོད་པའི་གཞུང་གི་ཚོགས་ཡིན་ཏེ་དེ་ལ་ཉེ་བར་བསྟནཔ་ནི།
基础等待时间: 2.5秒
1. 输入文本...
点击成功
3. 等待翻译...
等待翻译: 2.5秒
文本输入完成 (长度: 28 字符)
2. 点击翻译按钮...
翻译结果稳定，总等待时间: 5.5秒
4. 获取翻译结果...
翻译结果稳定，总等待时间: 4.0秒
4. 获取翻译结果...
翻译成功 (长度: 17 字符)
结果: 很容易指出它损害真实声音的准确性。
翻译成功 (长度: 21 字符)
结果: 那末，怎么办呢？每人一份，还是两份、三份？
翻译结果仍在变化，继续等待... (已等待0.0秒)
点击成功
3. 等待翻译...
等待翻译: 1.5秒
   进度: 20/500 (4.0%)

翻译尝试 1/3
原文长度: 111 字符
原文预览: དེ་ལྟར་སྙིགས་མ་ལྔ་པོ་དེ་དག་ཀྱང་ཀུན་བརྟགས་ཉིད་ཀྱི་ཕྱིར་རང་བཞིན་མ་དམིགས་ཨེ་སྔ་འགྱུ...
基础等待时间: 4.0秒
1. 输入文本...
文本输入完成 (长度: 77 字符)
2. 点击翻译按钮...
翻译结果稳定，总等待时间: 4.0秒
4. 获取翻译结果...
翻译成功 (长度: 10 字符)
结果: 不要责备代表的儿子。
点击成功
3. 等待翻译...
等待翻译: 2.5秒
翻译结果稳定，总等待时间: 3.0秒
4. 获取翻译结果...
文本输入完成 (长度: 76 字符)
2. 点击翻译按钮...
翻译成功 (长度: 8 字符)
结果: 水和岩石发生反应
翻译结果仍在变化，继续等待... (已等待0.0秒)
点击成功
3. 等待翻译...
等待翻译: 2.5秒

翻译尝试 1/3
原文长度: 100 字符
原文预览: རི་བོང་གི་རྭ་ལ་སོགས་པ་བཞིན་དུ་སྐྱེ་བར་མི་འཐད་པ་དང་ལྡན་པ་མ་ཡིན་ནོ་ཞེས་དམ་འཆའ་བར་བ...
基础等待时间: 4.0秒
1. 输入文本...

翻译尝试 1/3
原文长度: 27 字符
原文: སོང་ལ་སློངས་ཤིག་དང་སྟེར་རོ།
基础等待时间: 1.5秒
1. 输入文本...
文本输入完成 (长度: 111 字符)
2. 点击翻译按钮...
翻译结果仍在变化，继续等待... (已等待0.0秒)
点击成功
3. 等待翻译...
等待翻译: 4.0秒
翻译结果稳定，总等待时间: 4.0秒
4. 获取翻译结果...
翻译成功 (长度: 10 字符)
结果: 这些都是习以为常的。

翻译尝试 1/3
原文长度: 99 字符
原文预览: རྔོན་པས་དོང་ཁར་སླེབས་པ་དང་དོང་ནང་གཙོད་ཅིག་ལྷུང་ནས་ཤི་འདུག་པ་ཐོབ་པས་ཁྱིམ་དུ་ཁུར་ཏ...
基础等待时间: 4.0秒
1. 输入文本...
文本输入完成 (长度: 27 字符)
2. 点击翻译按钮...
文本输入完成 (长度: 100 字符)
2. 点击翻译按钮...
翻译结果仍在变化，继续等待... (已等待0.5秒)
翻译结果稳定，总等待时间: 4.0秒
4. 获取翻译结果...
点击成功
3. 等待翻译...
等待翻译: 1.5秒
翻译成功 (长度: 15 字符)
结果: 它也不会碰到仅仅是撞倒就崩溃。
点击成功
3. 等待翻译...
等待翻译: 4.0秒
翻译结果稳定，总等待时间: 4.0秒
4. 获取翻译结果...
   进度: 20/500 (4.0%)

翻译尝试 1/3
原文长度: 28 字符
原文: ཐུགས་རྗེ་ཆགས་པས་རྣམ་པར་མྱོས།
基础等待时间: 1.5秒
1. 输入文本...
翻译成功 (长度: 10 字符)
结果: 如来佛陀，十方灭罪。
翻译结果仍在变化，继续等待... (已等待0.0秒)
文本输入完成 (长度: 99 字符)
2. 点击翻译按钮...
翻译结果稳定，总等待时间: 4.0秒
4. 获取翻译结果...
翻译成功 (长度: 14 字符)
结果: 二者都是主观而不外在的意义。
点击成功
3. 等待翻译...
等待翻译: 4.0秒
翻译结果仍在变化，继续等待... (已等待1.0秒)
文本输入完成 (长度: 28 字符)
2. 点击翻译按钮...
翻译结果仍在变化，继续等待... (已等待0.0秒)
翻译结果稳定，总等待时间: 4.0秒
4. 获取翻译结果...
点击成功
3. 等待翻译...
等待翻译: 1.5秒
翻译成功 (长度: 17 字符)
结果: 但是，在那个贫困户他触摸到了围墙。

翻译尝试 1/3
原文长度: 17 字符
原文: དེ་དག་གིས་སྨྲས་པ།
基础等待时间: 1.5秒
1. 输入文本...

翻译尝试 1/3
原文长度: 21 字符
原文: ལེགས་པར་བརྟག་དགོས་སོ།
基础等待时间: 1.5秒
1. 输入文本...
翻译结果仍在变化，继续等待... (已等待0.0秒)

翻译尝试 1/3
原文长度: 96 字符
原文预览: བདེ་བ་ཅན་གྱི་ཞིང་ཁམས་ན་ང་རང་གཅིག་པུ་མེ་ཏོག་པདྨ་ཁ་བྱེ་པའི་ནང་དུ་སྐུ་སྨད་པདྨའི་ནང་...
基础等待时间: 4.0秒
1. 输入文本...
文本输入完成 (长度: 17 字符)
2. 点击翻译按钮...
翻译结果仍在变化，继续等待... (已等待1.5秒)
翻译结果仍在变化，继续等待... (已等待0.0秒)
翻译结果仍在变化，继续等待... (已等待0.0秒)
点击成功
3. 等待翻译...
等待翻译: 1.5秒
   进度: 20/500 (4.0%)

翻译尝试 1/3
原文长度: 9 字符
原文: བཀྱོན་རེ།
基础等待时间: 1.5秒
1. 输入文本...
文本输入完成 (长度: 21 字符)
2. 点击翻译按钮...
翻译结果仍在变化，继续等待... (已等待0.0秒)

翻译尝试 1/3
原文长度: 29 字符
原文: རྐང་པ་ཕུར་པར་བཀྱིག་གྱིན་འདུག།
基础等待时间: 1.5秒
1. 输入文本...
翻译结果稳定，总等待时间: 4.0秒
4. 获取翻译结果...
翻译成功 (长度: 10 字符)
结果: 常常与四种烦恼相伴，
翻译结果仍在变化，继续等待... (已等待0.0秒)
翻译结果仍在变化，继续等待... (已等待0.0秒)
点击成功
3. 等待翻译...
等待翻译: 1.5秒
文本输入完成 (长度: 96 字符)
2. 点击翻译按钮...
文本输入完成 (长度: 9 字符)
2. 点击翻译按钮...
翻译结果仍在变化，继续等待... (已等待0.0秒)
翻译结果仍在变化，继续等待... (已等待2.0秒)
点击成功
3. 等待翻译...
等待翻译: 4.0秒
文本输入完成 (长度: 29 字符)
2. 点击翻译按钮...
点击成功
3. 等待翻译...
等待翻译: 1.5秒
翻译结果仍在变化，继续等待... (已等待0.0秒)
翻译结果仍在变化，继续等待... (已等待0.0秒)
点击成功
3. 等待翻译...
等待翻译: 1.5秒

翻译尝试 1/3
原文长度: 29 字符
原文: བསྐྱེད་རིམ་མཉམ་པར་བཞག་བྱས་ནས།
基础等待时间: 1.5秒
1. 输入文本...
翻译结果稳定，总等待时间: 3.0秒
4. 获取翻译结果...
翻译成功 (长度: 5 字符)
结果: 予以展示。
翻译结果仍在变化，继续等待... (已等待0.0秒)

翻译尝试 1/3
原文长度: 52 字符
原文: ལེགས་པར་བསྲུང་བར་གཞག་པར་བྱའོ་ཞེས་ལུང་བསྒོ་བར་བྱེད་ལ།
基础等待时间: 2.5秒
1. 输入文本...
翻译结果仍在变化，继续等待... (已等待2.5秒)
文本输入完成 (长度: 29 字符)
2. 点击翻译按钮...
翻译结果仍在变化，继续等待... (已等待0.0秒)
翻译结果稳定，总等待时间: 3.0秒
4. 获取翻译结果...
翻译成功 (长度: 8 字符)
结果: 老三被老虎吃了。
点击成功
3. 等待翻译...
等待翻译: 1.5秒

翻译尝试 1/3
原文长度: 57 字符
原文: གཤེན་རབ་མཆོག་དེ་བཞིན་གཤེགས་པ་དགྲ་བཅོམ་པ་ཡང་དག་པར་རྫོགས་པ།
基础等待时间: 2.5秒
1. 输入文本...

翻译尝试 1/3
原文长度: 16 字符
原文: རིག་པར་ཟློག་ཚུལ།
基础等待时间: 1.5秒
1. 输入文本...
文本输入完成 (长度: 52 字符)
2. 点击翻译按钮...
点击成功
3. 等待翻译...
等待翻译: 2.5秒
翻译结果稳定，总等待时间: 4.0秒
4. 获取翻译结果...
翻译成功 (长度: 6 字符)
结果: 心的罪恶性。
翻译结果仍在变化，继续等待... (已等待3.0秒)

翻译尝试 1/3
原文长度: 73 字符
原文: རྨོ་མོ་དང་ཨ་སྟག་གཉིས་ཀྱིས་ཟུང་ཟླ་བའི་སེམས་ཀྱི་ཚོར་འདུ་གང་ཡང་རྟོགས་མི་ཐུབ།
基础等待时间: 2.5秒
1. 输入文本...
文本输入完成 (长度: 16 字符)
2. 点击翻译按钮...
文本输入完成 (长度: 57 字符)
2. 点击翻译按钮...
翻译结果仍在变化，继续等待... (已等待0.0秒)
翻译结果稳定，总等待时间: 4.0秒
4. 获取翻译结果...
翻译成功 (长度: 12 字符)
结果: 到黄河酒店已经有点醉了。
翻译结果稳定，总等待时间: 4.0秒
4. 获取翻译结果...
翻译成功 (长度: 25 字符)
结果: 它用龙须草、盐和自酸来涂抹并烘烤时必定会发生膨胀。
点击成功
3. 等待翻译...
等待翻译: 1.5秒
点击成功
3. 等待翻译...
等待翻译: 2.5秒
翻译结果稳定，总等待时间: 4.0秒
4. 获取翻译结果...
翻译成功 (长度: 9 字符)
结果: 没有什么可说的了。
翻译结果仍在变化，继续等待... (已等待0.0秒)
翻译结果稳定，总等待时间: 4.0秒
4. 获取翻译结果...
翻译成功 (长度: 13 字符)
结果: 不是说有什么好就有什么好。
翻译结果稳定，总等待时间: 4.0秒
4. 获取翻译结果...
翻译成功 (长度: 9 字符)
结果: 不是不变形的动词。
文本输入完成 (长度: 73 字符)
2. 点击翻译按钮...
翻译结果稳定，总等待时间: 3.0秒
4. 获取翻译结果...
翻译结果仍在变化，继续等待... (已等待3.5秒)
翻译结果仍在变化，继续等待... (已等待0.0秒)
翻译成功 (长度: 8 字符)
结果: 去取一把铅管来。
点击成功
3. 等待翻译...
等待翻译: 2.5秒
翻译结果稳定，总等待时间: 7.5秒
4. 获取翻译结果...
翻译结果仍在变化，继续等待... (已等待0.0秒)
翻译成功 (长度: 59 字符)
结果: 于是从那儿到达那兰德迎接的行列中，纳罗巴的老友大乘师法师问纳罗和迥密达的思想深浅，迥密达在诗中回答了大乘师法师的问法。
翻译结果稳定，总等待时间: 4.0秒
4. 获取翻译结果...
翻译成功 (长度: 20 字符)
结果: 他们的口粮和日常必需品配额被无情地缩减。

翻译尝试 1/3
原文长度: 27 字符
原文: གང་གིས་སྟོང་ན་གཉིས་ཀྱིས་སོ།
基础等待时间: 1.5秒
1. 输入文本...
翻译结果稳定，总等待时间: 4.0秒
4. 获取翻译结果...
翻译成功 (长度: 10 字符)
结果: 指的是正性词的范畴。
文本输入完成 (长度: 27 字符)
2. 点击翻译按钮...
翻译结果仍在变化，继续等待... (已等待4.0秒)
翻译结果仍在变化，继续等待... (已等待0.0秒)
翻译结果稳定，总等待时间: 3.0秒
4. 获取翻译结果...
翻译结果仍在变化，继续等待... (已等待0.0秒)
翻译成功 (长度: 7 字符)
结果: 因爱情而陶醉。
点击成功
3. 等待翻译...
等待翻译: 1.5秒
   进度: 20/500 (4.0%)

翻译尝试 1/3
原文长度: 13 字符
原文: བསྟན་པར་བྱའོ།
基础等待时间: 1.5秒
1. 输入文本...
翻译结果仍在变化，继续等待... (已等待0.0秒)
文本输入完成 (长度: 13 字符)
2. 点击翻译按钮...

翻译尝试 1/3
原文长度: 55 字符
原文: དེའི་འོག་ཏུ་དབུགས་ཕྱིན་པ་དད་སྟ་གགིས་ཟོས་སོ་ཞེས་སྨྲས་སོ།
基础等待时间: 2.5秒
1. 输入文本...
翻译结果仍在变化，继续等待... (已等待4.5秒)
翻译结果仍在变化，继续等待... (已等待0.0秒)
翻译结果稳定，总等待时间: 3.0秒
4. 获取翻译结果...
翻译成功 (长度: 4 字符)
结果: 它们说：
点击成功
3. 等待翻译...
等待翻译: 1.5秒
翻译结果仍在变化，继续等待... (已等待0.0秒)
翻译结果仍在变化，继续等待... (已等待0.0秒)
翻译结果稳定，总等待时间: 3.0秒
4. 获取翻译结果...
翻译成功 (长度: 7 字符)
结果: 要好好地研究。

翻译尝试 1/3
原文长度: 50 字符
原文: ཅི་ཡང་མི་ལ་མི་འཆད་པ་འདུག་ཅེས་སོགས་བསྔགས་པ་ཆེར་མཛད།
基础等待时间: 2.5秒
1. 输入文本...
文本输入完成 (长度: 55 字符)
2. 点击翻译按钮...

翻译尝试 1/3
原文长度: 120 字符
原文预览: ས་རུབ་འདུག་མཁའ་དབྱིངས་སུ་སྐར་ཚོགས་ཁྲ་ལམ་མེར་འཛུམ་བཞིན་འདུག་སྐར་ཚོགས་ཀྱི་དབུས་ན་ཡ...
基础等待时间: 4.0秒
1. 输入文本...
翻译结果稳定，总等待时间: 3.0秒
4. 获取翻译结果...
翻译结果仍在变化，继续等待... (已等待5.0秒)

翻译尝试 1/3
原文长度: 18 字符
原文: ཨོྃ་ག་ག་ན་ལོ་ཙ་ནེ།
基础等待时间: 1.5秒
1. 输入文本...
点击成功
3. 等待翻译...
等待翻译: 2.5秒
翻译成功 (长度: 3 字符)
结果: 责备。
翻译结果仍在变化，继续等待... (已等待0.0秒)
翻译结果稳定，总等待时间: 3.0秒
4. 获取翻译结果...
翻译成功 (长度: 7 字符)
结果: 脚被绑在绳上。

翻译尝试 1/3
原文长度: 27 字符
原文: དེ་ཅང་མི་ཟེར་བར་འདུག་པ་དང་།
基础等待时间: 1.5秒
1. 输入文本...
文本输入完成 (长度: 50 字符)
2. 点击翻译按钮...

翻译尝试 1/3
原文长度: 38 字符
原文: དེས་དེ་མཐོང་ནས་དེ་འཁྲུགས་པར་གྱུར་ཅིང་།
基础等待时间: 2.5秒
1. 输入文本...

翻译尝试 1/3
原文长度: 7 字符
原文: དེར་ཐལ།
基础等待时间: 1.5秒
1. 输入文本...
点击成功
3. 等待翻译...
等待翻译: 2.5秒
文本输入完成 (长度: 18 字符)
2. 点击翻译按钮...
翻译结果仍在变化，继续等待... (已等待0.0秒)

翻译尝试 1/3
原文长度: 78 字符
原文: མི་ཕམ་དེ་དགེ་སློང་དེ་དག་གིས་སྤྲོ་བར་བྱས་ནས་ཟླ་བས་སྦས་ཀྱི་གན་དུ་སོང་སྟེ་སྨྲས་པ།
基础等待时间: 2.5秒
1. 输入文本...
点击成功
3. 等待翻译...
等待翻译: 1.5秒
文本输入完成 (长度: 27 字符)
2. 点击翻译按钮...

翻译尝试 1/3
原文长度: 28 字符
原文: གོ་ལུགས་དགོངས་པ་འདི་ལྟར་གདའ།
基础等待时间: 1.5秒
1. 输入文本...
翻译结果仍在变化，继续等待... (已等待5.5秒)
文本输入完成 (长度: 120 字符)
2. 点击翻译按钮...
文本输入完成 (长度: 38 字符)
2. 点击翻译按钮...
文本输入完成 (长度: 7 字符)
2. 点击翻译按钮...
翻译结果仍在变化，继续等待... (已等待0.0秒)
翻译结果仍在变化，继续等待... (已等待0.0秒)
翻译结果稳定，总等待时间: 3.0秒
4. 获取翻译结果...

翻译尝试 1/3
原文长度: 81 字符
原文预览: ལྷ་ས་ལ་མཚོན་ན་ཁོའི་ཐོག་མའི་སེམས་འཚབ་ནི་མི་སྙོམ་ཆུང་ཚོདགའ་བ་བསྐྱེད་མ་ཐུབ་པ་དེ་རེད...
基础等待时间: 4.0秒
1. 输入文本...
点击成功
3. 等待翻译...
等待翻译: 1.5秒
翻译成功 (长度: 6 字符)
结果: 并静观其变。
翻译结果稳定，总等待时间: 5.5秒
4. 获取翻译结果...
翻译成功 (长度: 31 字符)
结果: 即使这五种杂质也是由于不明知众性而显现的，显现的本质正是佛性。
点击成功
3. 等待翻译...
等待翻译: 4.0秒
点击成功
3. 等待翻译...
等待翻译: 2.5秒
点击成功
3. 等待翻译...
等待翻译: 1.5秒
文本输入完成 (长度: 28 字符)
2. 点击翻译按钮...

翻译尝试 1/3
原文长度: 25 字符
原文: བསམ་གཏན་བཞི་པའི་རྩེ་མོཅན།
基础等待时间: 1.5秒
1. 输入文本...
文本输入完成 (长度: 78 字符)
2. 点击翻译按钮...
翻译结果仍在变化，继续等待... (已等待0.0秒)
翻译结果稳定，总等待时间: 5.5秒
4. 获取翻译结果...
点击成功
3. 等待翻译...
等待翻译: 1.5秒
翻译成功 (长度: 16 字符)
结果: 和兔的角等等一样地不愿意生长时。
翻译结果仍在变化，继续等待... (已等待0.0秒)
点击成功
3. 等待翻译...
等待翻译: 2.5秒

翻译尝试 1/3
原文长度: 27 字符
原文: ཁང་པ་བརྩེགས་པ་ལེགས་པར་མཛེས།
基础等待时间: 1.5秒
1. 输入文本...
翻译结果仍在变化，继续等待... (已等待6.0秒)
文本输入完成 (长度: 81 字符)
2. 点击翻译按钮...
翻译结果稳定，总等待时间: 7.5秒
4. 获取翻译结果...
翻译结果仍在变化，继续等待... (已等待0.0秒)
翻译成功 (长度: 41 字符)
结果: 时常反省自己，沉默寡言，爱卑微，不引人注目或不显眼，远离庙堂大庭广众，不为人所见。
文本输入完成 (长度: 25 字符)
2. 点击翻译按钮...
翻译结果稳定，总等待时间: 3.0秒
4. 获取翻译结果...
翻译成功 (长度: 4 字符)
结果: 反观念。
点击成功
3. 等待翻译...
等待翻译: 4.0秒
点击成功
3. 等待翻译...
等待翻译: 1.5秒
翻译结果稳定，总等待时间: 5.5秒
4. 获取翻译结果...
翻译成功 (长度: 37 字符)
结果: 猎人到达陷阱边，发现一只羚羊已经死在了陷阱里，于是便把它背回家来，煮了吃。
文本输入完成 (长度: 27 字符)
2. 点击翻译按钮...
点击成功
3. 等待翻译...
等待翻译: 1.5秒

翻译尝试 1/3
原文长度: 46 字符
原文: བྲམ་ཟེ་འབའ་ཞིག་གིས་གསེར་གྱི་སྤྱི་བླུགས་བཞག་གོ།
基础等待时间: 2.5秒
1. 输入文本...
翻译结果仍在变化，继续等待... (已等待6.5秒)
翻译结果稳定，总等待时间: 7.5秒
4. 获取翻译结果...
翻译成功 (长度: 41 字符)
结果: 在动词的对象或工作对象指出某种动作或者将要发生的动作的语法结构中用“动词”来指称。
   进度: 20/500 (4.0%)

翻译尝试 1/3
原文长度: 19 字符
原文: དོན་དུ་ཤེས་པར་བྱའོ།
基础等待时间: 1.5秒
1. 输入文本...
文本输入完成 (长度: 46 字符)
2. 点击翻译按钮...
翻译结果稳定，总等待时间: 4.0秒
4. 获取翻译结果...
翻译成功 (长度: 5 字符)
结果: 谨遵教诲。
翻译结果仍在变化，继续等待... (已等待0.0秒)
点击成功
3. 等待翻译...
等待翻译: 2.5秒

翻译尝试 1/3
原文长度: 33 字符
原文: ཕག་དང་མཚུངས་མཚོན་གྱིས་མྱྀ་དགར་རེ།
基础等待时间: 2.5秒
1. 输入文本...
文本输入完成 (长度: 19 字符)
2. 点击翻译按钮...
翻译结果仍在变化，继续等待... (已等待7.0秒)
翻译结果仍在变化，继续等待... (已等待0.0秒)
   进度: 20/500 (4.0%)

翻译尝试 1/3
原文长度: 24 字符
原文: མགོ་ལ་སྟ་རི་བཏབ་ནས་འདུག།
基础等待时间: 1.5秒
1. 输入文本...
翻译结果稳定，总等待时间: 3.0秒
4. 获取翻译结果...
翻译结果稳定，总等待时间: 4.0秒
4. 获取翻译结果...
翻译成功 (长度: 5 字符)
结果: 空哪，空哪
翻译成功 (长度: 16 字符)
结果: 正如佛陀一样，十方僧众都是佛陀。
翻译结果仍在变化，继续等待... (已等待0.0秒)
点击成功
3. 等待翻译...
等待翻译: 1.5秒
文本输入完成 (长度: 33 字符)
2. 点击翻译按钮...
文本输入完成 (长度: 24 字符)
2. 点击翻译按钮...
翻译结果稳定，总等待时间: 5.5秒
4. 获取翻译结果...
点击成功
3. 等待翻译...
等待翻译: 2.5秒
翻译成功 (长度: 33 字符)
结果: 在极乐世界，我独自一人，坐在莲花的瓣儿里，莲花的叶子下面有些沉着。
翻译结果仍在变化，继续等待... (已等待0.0秒)
翻译结果仍在变化，继续等待... (已等待0.0秒)
点击成功
3. 等待翻译...
等待翻译: 1.5秒
翻译结果稳定，总等待时间: 4.0秒
4. 获取翻译结果...
翻译成功 (长度: 19 字符)
结果: 奶奶和阿达都不知道双达心里面有多激动。
   进度: 20/500 (4.0%)

翻译尝试 1/3
原文长度: 30 字符
原文: དཀྱིལ་འཁོར་འཁོར་ལོ་མཉམ་པར་བཞག།
基础等待时间: 1.5秒
1. 输入文本...
翻译结果仍在变化，继续等待... (已等待7.5秒)

翻译尝试 1/3
原文长度: 19 字符
原文: ཞེས་པ་དེར་གདའ་ཞིང་།
基础等待时间: 1.5秒
1. 输入文本...
翻译结果稳定，总等待时间: 3.0秒
4. 获取翻译结果...
翻译成功 (长度: 5 字符)
结果: 都应如此。
翻译结果仍在变化，继续等待... (已等待0.0秒)
翻译结果仍在变化，继续等待... (已等待0.0秒)
文本输入完成 (长度: 30 字符)
2. 点击翻译按钮...
文本输入完成 (长度: 19 字符)
2. 点击翻译按钮...

翻译尝试 1/3
原文长度: 138 字符
原文预览: དེ་ལྟ་བས་ན་མཁས་པ་རྣམས་ཀྱིས་ནི་བུམ་པ་ལ་སོགས་པ་དག་གི་སྐྱེ་བ་ནི་སྒྱུ་མའི་སྐྱེས་བུའི...
基础等待时间: 4.0秒
1. 输入文本...
翻译结果仍在变化，继续等待... (已等待0.0秒)
点击成功
3. 等待翻译...
等待翻译: 1.5秒
点击成功
3. 等待翻译...
等待翻译: 1.5秒

翻译尝试 1/3
原文长度: 133 字符
原文预览: ཁྱིམ་ལ་སོགས་པར་གང་དུ་འདུག་པའི་ཚེ་རྐང་པ་གཉིས་བརྐྱང་ཏེ་མི་འདུག་ཅིང་ལག་པ་བཀྲུ་བའི་ཚ...
基础等待时间: 4.0秒
1. 输入文本...
翻译结果仍在变化，继续等待... (已等待8.0秒)

翻译尝试 1/3
原文长度: 66 字符
原文: རིག་པ་འཁོར་འདས་དང་མ་འབྲེལ་ལ་འབྲེལ་པར་སྣང་བ་རྨི་ལམ་ལྟར་རྟོགས་པ་སྟེ།
基础等待时间: 2.5秒
1. 输入文本...
翻译结果仍在变化，继续等待... (已等待0.0秒)

翻译尝试 1/3
原文长度: 53 字符
原文: ཉིན་གསུམ་པའི་ཞོགས་པར་རྔོན་པ་དོང་ཁར་སླེབས་ཏེ་བལྟས་ཙ་ན།
基础等待时间: 2.5秒
1. 输入文本...
翻译结果仍在变化，继续等待... (已等待0.0秒)
文本输入完成 (长度: 138 字符)
2. 点击翻译按钮...
翻译结果稳定，总等待时间: 3.0秒
4. 获取翻译结果...
翻译成功 (长度: 11 字符)
结果: 唵格.嘎.纳洛.札尼。
文本输入完成 (长度: 66 字符)
2. 点击翻译按钮...
文本输入完成 (长度: 133 字符)
2. 点击翻译按钮...
点击成功
3. 等待翻译...
等待翻译: 4.0秒

翻译尝试 1/3
原文长度: 73 字符
原文: རྒྱ་མཚོ་ན་གནམ་གྲུ་འཚོལ་ལྟ་བུ་གཞི་གང་ན་བྱ་བ་ཞིག་གི་རྒྱུན་སྐྱོང་བཞིན་པ་དང་།
基础等待时间: 2.5秒
1. 输入文本...
翻译结果仍在变化，继续等待... (已等待8.5秒)
翻译结果稳定，总等待时间: 3.0秒
4. 获取翻译结果...
点击成功
3. 等待翻译...
等待翻译: 2.5秒
翻译成功 (长度: 9 字符)
结果: 它只是静静的坐着。
文本输入完成 (长度: 53 字符)
2. 点击翻译按钮...
翻译结果仍在变化，继续等待... (已等待0.0秒)
点击成功
3. 等待翻译...
等待翻译: 4.0秒
翻译结果稳定，总等待时间: 3.0秒
4. 获取翻译结果...
翻译成功 (长度: 5 字符)
结果: 差不多了。
点击成功
3. 等待翻译...
等待翻译: 2.5秒
   进度: 20/500 (4.0%)

翻译尝试 1/3
原文长度: 72 字符
原文: ལྷ་དེ་བཞིན་ནོ་ཞེས་དེ་རྣམས་ཀྱིས་ཇི་སྐད་དུ་སྨྲས་པ་དེ་བཞིན་བྱས་པ་ལྟ་བུ་སྟེ།
基础等待时间: 2.5秒
1. 输入文本...
翻译结果稳定，总等待时间: 3.0秒
4. 获取翻译结果...
翻译结果仍在变化，继续等待... (已等待0.0秒)
翻译成功 (长度: 7 字符)
结果: 按照这个理法。
翻译结果稳定，总等待时间: 4.0秒
4. 获取翻译结果...
文本输入完成 (长度: 73 字符)
2. 点击翻译按钮...
翻译成功 (长度: 16 字符)
结果: 然后在下面放出气来说：鸭子吃了。

翻译尝试 1/3
原文长度: 84 字符
原文预览: གཞན་ཡང་འདུ་བྱེད་རྣམས་ཀུན་ནས་ཉོན་མོངས་པ་བཞིན་དུ་སྟོང་པ་ཡང་ཀུན་ནས་ཉོན་མོངས་པར་འགྱུ...
基础等待时间: 4.0秒
1. 输入文本...

翻译尝试 1/3
原文长度: 57 字符
原文: གཤེན་རབ་མཆོག་དེ་བཞིན་གཤེགས་པ་དགྲ་བཅོམ་པ་ཡང་དག་པར་རྫོགས་པ།
基础等待时间: 2.5秒
1. 输入文本...
翻译结果仍在变化，继续等待... (已等待9.0秒)
点击成功
3. 等待翻译...
等待翻译: 2.5秒
翻译结果稳定，总等待时间: 3.0秒
4. 获取翻译结果...
文本输入完成 (长度: 72 字符)
2. 点击翻译按钮...
翻译成功 (长度: 8 字符)
结果: 第四种观想法的。
翻译结果稳定，总等待时间: 4.0秒
4. 获取翻译结果...
翻译成功 (长度: 6 字符)
结果: 什么都不说。

翻译尝试 1/3
原文长度: 59 字符
原文: ལག་པ་བཞི་ཡོད་ན་དཔེ་མི་སྲིད་པའི་ལས་ཀ་ཡག་པོ་ལས་ཐུབ་པ་ནང་བཞིན།
基础等待时间: 2.5秒
1. 输入文本...
翻译结果仍在变化，继续等待... (已等待0.0秒)
点击成功
3. 等待翻译...
等待翻译: 2.5秒
翻译结果仍在变化，继续等待... (已等待0.0秒)
翻译结果稳定，总等待时间: 3.0秒
4. 获取翻译结果...

翻译尝试 1/3
原文长度: 61 字符
原文: དུད་ཁྱིམ་དབུལ་པོ་ཞིག་གི་ཁང་བའི་རྩིག་ལྡེབས་འདྲ་པར་དུ་བརྡབས་ཏེ།
基础等待时间: 2.5秒
1. 输入文本...
翻译结果仍在变化，继续等待... (已等待0.0秒)
文本输入完成 (长度: 57 字符)
2. 点击翻译按钮...
翻译成功 (长度: 10 字符)
结果: 楼房建得高高的好看。
文本输入完成 (长度: 84 字符)
2. 点击翻译按钮...

翻译尝试 1/3
原文长度: 13 字符
原文: བསྟན་པར་བྱའོ།
基础等待时间: 1.5秒
1. 输入文本...
翻译结果仍在变化，继续等待... (已等待0.0秒)
点击成功
3. 等待翻译...
等待翻译: 2.5秒
翻译结果仍在变化，继续等待... (已等待9.5秒)
点击成功
3. 等待翻译...
等待翻译: 4.0秒
翻译结果稳定，总等待时间: 4.0秒
4. 获取翻译结果...
翻译成功 (长度: 13 字符)
结果: 它看见它，就变得狂暴起来。
文本输入完成 (长度: 59 字符)
2. 点击翻译按钮...
翻译结果仍在变化，继续等待... (已等待0.0秒)
文本输入完成 (长度: 13 字符)
2. 点击翻译按钮...
文本输入完成 (长度: 61 字符)
2. 点击翻译按钮...
点击成功
3. 等待翻译...
等待翻译: 2.5秒
翻译结果稳定，总等待时间: 4.0秒
4. 获取翻译结果...
点击成功
3. 等待翻译...
等待翻译: 1.5秒
翻译成功 (长度: 16 字符)
结果: 不胜惊讶，达瓦走到他那里去，说。
点击成功
3. 等待翻译...
等待翻译: 2.5秒
翻译结果仍在变化，继续等待... (已等待0.0秒)
达到最大额外等待时间 (10秒)
4. 获取翻译结果...
翻译成功 (长度: 192 字符)
结果预览: 咒语：唵唵唵唵唵唵唵唵唵唵唵唵唵唵唵唵唵唵唵唵唵唵唵唵唵唵唵唵唵唵唵唵唵唵唵唵唵唵唵唵唵唵唵唵唵唵唵唵唵唵唵唵唵唵唵唵唵唵唵唵唵唵唵唵唵唵唵唵唵唵唵唵唵唵唵唵唵唵唵唵唵唵唵唵唵唵唵唵唵唵唵唵唵唵唵唵唵...
翻译结果稳定，总等待时间: 3.0秒
4. 获取翻译结果...
翻译成功 (长度: 5 字符)
结果: 其实知道。

翻译尝试 1/3
原文长度: 80 字符
原文: རལ་གྲི་བླངས་ལ་ཀུ་ཤ་བཀྲམ་པ་ལ་འདུག་ནས་ཇི་སྲིད་འབར་བར་གྱུར་གྱི་བར་དུ་བཟླས་པ་བྱ་སྟེ།
基础等待时间: 2.5秒
1. 输入文本...
翻译结果稳定，总等待时间: 3.0秒
4. 获取翻译结果...
翻译成功 (长度: 7 字符)
结果: 头上砍了个缺。

翻译尝试 1/3
原文长度: 44 字符
原文: དེ་མགོ་ཕྱི་ནས་ཀྱང་ཁྱིམ་གྱི་ནང་ཉིད་ན་འདུག་གོ།
基础等待时间: 2.5秒
1. 输入文本...

翻译尝试 1/3
原文长度: 7 字符
原文: དེར་ཐལ།
基础等待时间: 1.5秒
1. 输入文本...
文本输入完成 (长度: 80 字符)
2. 点击翻译按钮...
文本输入完成 (长度: 44 字符)
2. 点击翻译按钮...
翻译结果稳定，总等待时间: 4.0秒
4. 获取翻译结果...
   进度: 20/500 (4.0%)

翻译尝试 1/3
原文长度: 47 字符
原文: ཞེས་གསུངས་པས་ལོ་ཙཱ་བའི་འདུན་མ་གྲུབ་གདའ་གསུང་ངོ།
基础等待时间: 2.5秒
1. 输入文本...
翻译成功 (长度: 13 字符)
结果: 只有婆罗门才可用金器盛水。
文本输入完成 (长度: 7 字符)
2. 点击翻译按钮...

翻译尝试 1/3
原文长度: 89 字符
原文预览: ནམ་མཁའ་ལས་བབས་ཏེ་སྟོད་གི་ནམ་མཁའ་ལས་ཚིག་སྙན་པ་རྣམ་པ་སྣ་ཚོགས་ཀྱིས་ཕ་མ་གཉིས་སྤྲོབ་བ...
基础等待时间: 4.0秒
1. 输入文本...
点击成功
3. 等待翻译...
等待翻译: 2.5秒
翻译结果稳定，总等待时间: 3.0秒
4. 获取翻译结果...
点击成功
3. 等待翻译...
等待翻译: 2.5秒
翻译结果稳定，总等待时间: 3.0秒
4. 获取翻译结果...
翻译成功 (长度: 5 字符)
结果: 轮轴齐合。
翻译成功 (长度: 8 字符)
结果: 指的就是这句话。
点击成功
3. 等待翻译...
等待翻译: 1.5秒
翻译结果仍在变化，继续等待... (已等待0.0秒)
翻译结果稳定，总等待时间: 5.5秒
4. 获取翻译结果...
翻译结果验证失败: 结果过短 (19字符 vs 原文120字符)
当前结果: 夜幕降临，星星闪烁，月亮在群星中闪亮。...
将重试...
翻译结果仍在变化，继续等待... (已等待0.0秒)

翻译尝试 1/3
原文长度: 18 字符
原文: བདག་གིས་མ་བྲིས་སོ།
基础等待时间: 1.5秒
1. 输入文本...
文本输入完成 (长度: 47 字符)
2. 点击翻译按钮...
   进度: 20/500 (4.0%)

翻译尝试 1/3
原文长度: 48 字符
原文: ཞེས་པ་དེ་རྣམ་པ་དགུ་པོ་ཡང་ཞེས་བྱ་བར་བཅོས་འདུག་པས།
基础等待时间: 2.5秒
1. 输入文本...
点击成功
3. 等待翻译...
等待翻译: 2.5秒
翻译结果稳定，总等待时间: 4.0秒
4. 获取翻译结果...
文本输入完成 (长度: 89 字符)
2. 点击翻译按钮...
翻译成功 (长度: 8 字符)
结果: 不像猪那样乱叫。

翻译尝试 1/3
原文长度: 27 字符
原文: ཡི་དགས་གདན་ལ་ལེགས་པར་བཞུགས།
基础等待时间: 1.5秒
1. 输入文本...
翻译结果仍在变化，继续等待... (已等待0.0秒)
文本输入完成 (长度: 18 字符)
2. 点击翻译按钮...
点击成功
3. 等待翻译...
等待翻译: 4.0秒
文本输入完成 (长度: 48 字符)
2. 点击翻译按钮...
翻译结果仍在变化，继续等待... (已等待0.0秒)
翻译结果稳定，总等待时间: 5.5秒
4. 获取翻译结果...

翻译尝试 1/3
原文长度: 20 字符
原文: ཕྱིས་ཆགས་པར་གྱུར་ཏོ།
基础等待时间: 1.5秒
1. 输入文本...
翻译成功 (长度: 26 字符)
结果: 对拉萨来说，他最初的激动是因为没能让人们喜欢上自己。
点击成功
3. 等待翻译...
等待翻译: 1.5秒

翻译尝试 2/3
原文长度: 120 字符
原文预览: ས་རུབ་འདུག་མཁའ་དབྱིངས་སུ་སྐར་ཚོགས་ཁྲ་ལམ་མེར་འཛུམ་བཞིན་འདུག་སྐར་ཚོགས་ཀྱི་དབུས་ན་ཡ...
基础等待时间: 4.0秒
1. 输入文本...
点击成功
3. 等待翻译...
等待翻译: 2.5秒
文本输入完成 (长度: 27 字符)
2. 点击翻译按钮...
翻译结果仍在变化，继续等待... (已等待0.0秒)
点击成功
3. 等待翻译...
等待翻译: 1.5秒

翻译尝试 1/3
原文长度: 79 字符
原文: ཅི་ཁོ་བོ་ཁྱོད་ཀྱིས་ཁྱིམ་བདག་མགོ་རེག་ཏུ་མཐོང་ངམ་ཁྱོད་ལ་ཁ་ཚར་ཡང་ཡོངས་སུ་མི་གཏང་ན།
基础等待时间: 2.5秒
1. 输入文本...
文本输入完成 (长度: 20 字符)
2. 点击翻译按钮...
点击成功
3. 等待翻译...
等待翻译: 1.5秒
翻译结果仍在变化，继续等待... (已等待0.0秒)

翻译尝试 1/3
原文长度: 31 字符
原文: ཧི་ལི་ཧི་ལི་བེ་རོ་ཙ་ནི་ཧ་ཱུཾ་ཕཊ།
基础等待时间: 2.5秒
1. 输入文本...

翻译尝试 1/3
原文长度: 27 字符
原文: ཞེས་ཕ་མ་བསད་པར་གསུངས་པ་ཡང་།
基础等待时间: 1.5秒
1. 输入文本...
文本输入完成 (长度: 120 字符)
2. 点击翻译按钮...
翻译结果仍在变化，继续等待... (已等待0.0秒)
文本输入完成 (长度: 79 字符)
2. 点击翻译按钮...
点击成功
3. 等待翻译...
等待翻译: 4.0秒
文本输入完成 (长度: 31 字符)
2. 点击翻译按钮...
文本输入完成 (长度: 27 字符)
2. 点击翻译按钮...
翻译结果仍在变化，继续等待... (已等待0.0秒)
点击成功
3. 等待翻译...
等待翻译: 2.5秒
翻译结果仍在变化，继续等待... (已等待0.0秒)

翻译尝试 1/3
原文长度: 24 字符
原文: ཁ་ཟས་ཤ་ལ་བྱེད་ཀྱིན་འདུག།
基础等待时间: 1.5秒
1. 输入文本...
点击成功
3. 等待翻译...
等待翻译: 2.5秒
翻译结果仍在变化，继续等待... (已等待0.0秒)
点击成功
3. 等待翻译...
等待翻译: 1.5秒
翻译结果仍在变化，继续等待... (已等待0.0秒)
翻译结果稳定，总等待时间: 4.0秒
4. 获取翻译结果...
翻译成功 (长度: 17 字符)
结果: 心思不在轮回，仿佛梦中与轮回相连。
翻译结果稳定，总等待时间: 4.0秒
4. 获取翻译结果...
文本输入完成 (长度: 24 字符)
2. 点击翻译按钮...
翻译成功 (长度: 15 字符)
结果: 第三天早晨，猎人来到洞口一看。

翻译尝试 1/3
原文长度: 30 字符
原文: དེ་དག་གིས་གསེར་གྱི་ནི་མེད་ཀྱི།
基础等待时间: 1.5秒
1. 输入文本...
点击成功
3. 等待翻译...
等待翻译: 1.5秒

翻译尝试 1/3
原文长度: 22 字符
原文: ཤིན་ཏུ་རྣམ་པར་དག་པ་ཡི།
基础等待时间: 1.5秒
1. 输入文本...

翻译尝试 1/3
原文长度: 67 字符
原文: གནས་པ་མེད་ལས་ཞེས་པས་ལམ་པ་དེ་སྤྱོད་ལམ་བཞི་ལ་འདུག་ཅིང་སྡོད་པའི་དུས་ན།
基础等待时间: 2.5秒
1. 输入文本...
翻译结果稳定，总等待时间: 3.0秒
4. 获取翻译结果...
翻译成功 (长度: 5 字符)
结果: 则应指出。
翻译结果仍在变化，继续等待... (已等待0.0秒)
翻译结果稳定，总等待时间: 4.0秒
4. 获取翻译结果...
翻译成功 (长度: 17 字符)
结果: 在海上搜寻飞机；在寻找某事的继续。
文本输入完成 (长度: 30 字符)
2. 点击翻译按钮...
文本输入完成 (长度: 22 字符)
2. 点击翻译按钮...
点击成功
3. 等待翻译...
等待翻译: 1.5秒
翻译结果仍在变化，继续等待... (已等待0.0秒)

翻译尝试 1/3
原文长度: 24 字符
原文: བྱ་དང་མཚུངས་ཁྱུས་བདའ་རེ།
基础等待时间: 1.5秒
1. 输入文本...
翻译结果稳定，总等待时间: 4.0秒
4. 获取翻译结果...
点击成功
3. 等待翻译...
等待翻译: 1.5秒
文本输入完成 (长度: 67 字符)
2. 点击翻译按钮...
翻译成功 (长度: 12 字符)
结果: 神照着他们所说的话行了。
翻译结果仍在变化，继续等待... (已等待0.0秒)
翻译结果仍在变化，继续等待... (已等待0.0秒)
点击成功
3. 等待翻译...
等待翻译: 2.5秒
翻译结果仍在变化，继续等待... (已等待0.0秒)
翻译结果仍在变化，继续等待... (已等待0.0秒)

翻译尝试 1/3
原文长度: 101 字符
原文预览: བོད་མི་ཚོའི་ཁྲོད་དུ་བཙན་གནོན་བྱེད་མཁན་ལས་བཅིངས་འགྲོལ་བྱེད་དགོས་སྙམ་པའི་འདོད་པ་སྔ...
基础等待时间: 4.0秒
1. 输入文本...
翻译结果稳定，总等待时间: 4.0秒
4. 获取翻译结果...
翻译成功 (长度: 7 字符)
结果: 诸佛万劫不离。
文本输入完成 (长度: 24 字符)
2. 点击翻译按钮...
点击成功
3. 等待翻译...
等待翻译: 1.5秒
翻译结果仍在变化，继续等待... (已等待0.0秒)
翻译结果稳定，总等待时间: 4.0秒
4. 获取翻译结果...
翻译成功 (长度: 17 字符)
结果: 有了四只手，可以做出不可能的好事。
翻译结果稳定，总等待时间: 4.0秒
4. 获取翻译结果...
翻译成功 (长度: 15 字符)
结果: 一家贫困户的房子被拍成墙壁画。
翻译结果稳定，总等待时间: 5.5秒
4. 获取翻译结果...
翻译结果仍在变化，继续等待... (已等待0.0秒)
翻译成功 (长度: 40 字符)
结果: 因此，学者们必须认识到，瓶颈等的出生，正如戏魔术师的出生一样，是名词而不是实质。
翻译结果稳定，总等待时间: 3.0秒
4. 获取翻译结果...
文本输入完成 (长度: 101 字符)
2. 点击翻译按钮...
翻译成功 (长度: 4 字符)
结果: 差一点。
翻译结果稳定，总等待时间: 5.5秒
4. 获取翻译结果...
翻译结果仍在变化，继续等待... (已等待0.0秒)
翻译成功 (长度: 39 字符)
结果: 在家里坐着的时候，两脚不伸开，洗手的时候，两手不互相搓擦，而是互相轻轻地擦洗。
点击成功
3. 等待翻译...
等待翻译: 4.0秒
翻译结果仍在变化，继续等待... (已等待0.0秒)

翻译尝试 1/3
原文长度: 49 字符
原文: དག་པ་དང་མ་དག་པ་སོ་སོར་ཆ་མ་འདྲེས་པར་སྣང་བའི་འཐད་པ།
基础等待时间: 2.5秒
1. 输入文本...
翻译结果稳定，总等待时间: 3.0秒
4. 获取翻译结果...
翻译成功 (长度: 4 字符)
结果: 我没写。

翻译尝试 1/3
原文长度: 14 字符
原文: གནའ་དང་པོ་ཙ་ན།
基础等待时间: 1.5秒
1. 输入文本...
翻译结果仍在变化，继续等待... (已等待0.0秒)
翻译结果仍在变化，继续等待... (已等待0.0秒)
翻译结果稳定，总等待时间: 3.0秒
4. 获取翻译结果...
翻译成功 (长度: 4 字符)
结果: 请坐好！
文本输入完成 (长度: 49 字符)
2. 点击翻译按钮...
翻译结果仍在变化，继续等待... (已等待0.0秒)

翻译尝试 1/3
原文长度: 13 字符
原文: བསྟན་པར་བྱའོ།
基础等待时间: 1.5秒
1. 输入文本...
翻译结果仍在变化，继续等待... (已等待0.0秒)
翻译结果稳定，总等待时间: 4.0秒
4. 获取翻译结果...
翻译成功 (长度: 15 字符)
结果: 取出刀子，摊开苹果，坐着念叹：
翻译结果稳定，总等待时间: 4.0秒
4. 获取翻译结果...
文本输入完成 (长度: 14 字符)
2. 点击翻译按钮...
点击成功
3. 等待翻译...
等待翻译: 2.5秒
翻译成功 (长度: 13 字符)
结果: 它的头在外面但身子在家里。
翻译结果稳定，总等待时间: 5.5秒
4. 获取翻译结果...
翻译结果稳定，总等待时间: 3.0秒
4. 获取翻译结果...
翻译成功 (长度: 28 字符)
结果: 另外，正如一切有为的东西都如一切烦恼一样，空性也是烦恼。

翻译尝试 1/3
原文长度: 19 字符
原文: ལྟད་མོ་བལྟ་རུ་ཕེབས།
基础等待时间: 1.5秒
1. 输入文本...
翻译成功 (长度: 11 字符)
结果: 后来就变成一种习惯了。
点击成功
3. 等待翻译...
等待翻译: 1.5秒
文本输入完成 (长度: 13 字符)
2. 点击翻译按钮...
翻译结果仍在变化，继续等待... (已等待0.0秒)

翻译尝试 1/3
原文长度: 115 字符
原文预览: དེ་ལ་གང་ཞིག་རྒྱལ་པོ་བྱིས་པའི་འཆིང་བ་ལས་གྲོལ་བར་གྱུར་པ་དེ་ལ་ནི་གྲོལ་བ་ཡང་བཅིངས་པ་...
基础等待时间: 4.0秒
1. 输入文本...
翻译结果稳定，总等待时间: 4.0秒
4. 获取翻译结果...
点击成功
3. 等待翻译...
等待翻译: 1.5秒
翻译成功 (长度: 16 字符)
结果: 他说翻译不成，翻译人心愿破灭了。
文本输入完成 (长度: 19 字符)
2. 点击翻译按钮...
翻译结果仍在变化，继续等待... (已等待0.0秒)
点击成功
3. 等待翻译...
等待翻译: 1.5秒
   进度: 20/500 (4.0%)

翻译尝试 1/3
原文长度: 57 字符
原文: གཤེན་རབ་མཆོག་དེ་བཞིན་གཤེགས་པ་དགྲ་བཅོམ་པ་ཡང་དག་པར་རྫོགས་པ།
基础等待时间: 2.5秒
1. 输入文本...
翻译结果稳定，总等待时间: 3.0秒
4. 获取翻译结果...
翻译成功 (长度: 7 字符)
结果: 说是杀父怨母。
翻译结果稳定，总等待时间: 4.0秒
4. 获取翻译结果...
翻译成功 (长度: 14 字符)
结果: 即所谓九种形式又改称为九种。
   进度: 20/500 (4.0%)

翻译尝试 1/3
原文长度: 164 字符
原文预览: བར་ཆད་དང་རྐྱེན་ངན་ཐམས་ཅད་ཀྱི་གཞི་མ་ཞིག་སྟེ་ཡག་པོ་བྱས་མི་འདུག་སྙམ་ནས་འགྱོད་པ་སྐྱེ...
基础等待时间: 6.0秒
1. 输入文本...
文本输入完成 (长度: 115 字符)
2. 点击翻译按钮...
翻译结果稳定，总等待时间: 3.0秒
4. 获取翻译结果...

翻译尝试 1/3
原文长度: 67 字符
原文: ཞིབ་འཇུག་པ་ཚོས་ཁང་བའི་རྩིག་ལྡེབས་དུད་དྲེག་ཅན་ཞིག་གི་འདྲ་པར་བསྟན་ཏེ།
基础等待时间: 2.5秒
1. 输入文本...
翻译成功 (长度: 7 字符)
结果: 食物正在烧熟。
翻译结果仍在变化，继续等待... (已等待0.0秒)
文本输入完成 (长度: 57 字符)
2. 点击翻译按钮...

翻译尝试 1/3
原文长度: 67 字符
原文: ཤེས་བྱ་ཉིད་ལ་སོགས་པའི་གཏན་ཚིགས་དག་གི་ཕྱིར་རོ་ཞེས་ཀྱང་བརྗོད་པར་བྱའོ།
基础等待时间: 2.5秒
1. 输入文本...
点击成功
3. 等待翻译...
等待翻译: 4.0秒

翻译尝试 1/3
原文长度: 21 字符
原文: དེ་ལ་ཁྱབ་པ་ཡོད་པར་ཐལ།
基础等待时间: 1.5秒
1. 输入文本...

翻译尝试 1/3
原文长度: 42 字符
原文: ལམ་སོགས་འཇིགས་པ་བརྟགས་སོགས་དང་འདུག་པའི་ཚེ།
基础等待时间: 2.5秒
1. 输入文本...
点击成功
3. 等待翻译...
等待翻译: 2.5秒
翻译结果仍在变化，继续等待... (已等待0.0秒)
翻译结果稳定，总等待时间: 3.0秒
4. 获取翻译结果...
文本输入完成 (长度: 21 字符)
2. 点击翻译按钮...
翻译成功 (长度: 8 字符)
结果: 它们是没有金子的
文本输入完成 (长度: 67 字符)
2. 点击翻译按钮...
翻译结果稳定，总等待时间: 3.0秒
4. 获取翻译结果...
文本输入完成 (长度: 67 字符)
2. 点击翻译按钮...
文本输入完成 (长度: 42 字符)
2. 点击翻译按钮...
翻译成功 (长度: 6 字符)
结果: 非常完美的。
点击成功
3. 等待翻译...
等待翻译: 1.5秒
翻译结果稳定，总等待时间: 4.0秒
4. 获取翻译结果...
翻译成功 (长度: 20 字符)
结果: 什么叫你家长头都见，你连个胡子都不能掉。
点击成功
3. 等待翻译...
等待翻译: 2.5秒
翻译结果稳定，总等待时间: 4.0秒
4. 获取翻译结果...
文本输入完成 (长度: 164 字符)
2. 点击翻译按钮...
点击成功
3. 等待翻译...
等待翻译: 2.5秒
翻译成功 (长度: 9 字符)
结果: 赫利赫利维若札呜！
点击成功
3. 等待翻译...
等待翻译: 2.5秒
翻译结果仍在变化，继续等待... (已等待0.0秒)
点击成功
3. 等待翻译...
等待翻译: 6.0秒
   进度: 20/500 (4.0%)

翻译尝试 1/3
原文长度: 49 字符
原文: ཡེ་ཤེས་དྲུག་གིས་ནིགཉིས་སུ་མེད་པའི་ཡེ་ཤེས་བསྟན་ཏོ།
基础等待时间: 2.5秒
1. 输入文本...
翻译结果稳定，总等待时间: 3.0秒
4. 获取翻译结果...
翻译成功 (长度: 9 字符)
结果: 象鸟一样被群狗追。

翻译尝试 1/3
原文长度: 28 字符
原文: ཕྱག་རྒྱ་ལྔ་ཡིས་རྣམ་པར་བརྒྱན།
基础等待时间: 1.5秒
1. 输入文本...
翻译结果仍在变化，继续等待... (已等待0.0秒)

翻译尝试 1/3
原文长度: 5 字符
原文: ཨ་ཙི།
基础等待时间: 1.5秒
1. 输入文本...
文本输入完成 (长度: 49 字符)
2. 点击翻译按钮...
   进度: 20/500 (4.0%)

翻译尝试 1/3
原文长度: 65 字符
原文: གསོས་པ་ཕྱག་དར་ཁྲོད་ན་ཀེང་རུས་ཀྱི་མགུལ་ནས་འཁྱུད་དེ་ཉལ་ཞིང་འདུག་གོ།
基础等待时间: 2.5秒
1. 输入文本...
翻译结果稳定，总等待时间: 5.5秒
4. 获取翻译结果...
翻译结果仍在变化，继续等待... (已等待0.0秒)
翻译成功 (长度: 22 字符)
结果: 从天上降下，天上的各种甜言蜜语，使父母高兴。

翻译尝试 1/3
原文长度: 59 字符
原文: སྟོང་པ་རྟག་པ་བཞིན་དུ་ཀུན་ནས་ཉོན་མོངས་པ་ཡང་རྟག་པར་འགྱུར་བའམ།
基础等待时间: 2.5秒
1. 输入文本...
   进度: 20/500 (4.0%)

翻译尝试 1/3
原文长度: 24 字符
原文: རིགས་མིན་རྣམ་པར་ག་ལ་ཞིག།
基础等待时间: 1.5秒
1. 输入文本...
点击成功
3. 等待翻译...
等待翻译: 2.5秒
文本输入完成 (长度: 28 字符)
2. 点击翻译按钮...
文本输入完成 (长度: 5 字符)
2. 点击翻译按钮...
点击成功
3. 等待翻译...
等待翻译: 1.5秒

翻译尝试 1/3
原文长度: 23 字符
原文: ཕ་ཇོ་ང་ན་སོ་རྒས་ནས་གདའ།
基础等待时间: 1.5秒
1. 输入文本...
文本输入完成 (长度: 24 字符)
2. 点击翻译按钮...
点击成功
3. 等待翻译...
等待翻译: 1.5秒
文本输入完成 (长度: 65 字符)
2. 点击翻译按钮...
文本输入完成 (长度: 59 字符)
2. 点击翻译按钮...
点击成功
3. 等待翻译...
等待翻译: 1.5秒
翻译结果仍在变化，继续等待... (已等待0.0秒)
点击成功
3. 等待翻译...
等待翻译: 2.5秒
翻译结果稳定，总等待时间: 4.0秒
4. 获取翻译结果...

翻译尝试 1/3
原文长度: 58 字符
原文: བྱམས་ཞུས་ཀྱི་ལེའུ་ལས་གསུངས་པའི་དོན་ཕྱོགས་ཙམ་ཞིག་གསུངས་པ་ལ།
基础等待时间: 2.5秒
1. 输入文本...
翻译成功 (长度: 14 字符)
结果: 无中生有说，道人四行五坐时。
点击成功
3. 等待翻译...
等待翻译: 2.5秒
文本输入完成 (长度: 23 字符)
2. 点击翻译按钮...

翻译尝试 1/3
原文长度: 67 字符
原文: ཅི་དེ་དག་ནི་རྙིང་མའི་རྒྱུད་རྣམས་བསྟན་བཅོས་སུ་སྒྲུབ་པའི་ལུང་དུ་འདུག།
基础等待时间: 2.5秒
1. 输入文本...
点击成功
3. 等待翻译...
等待翻译: 1.5秒
翻译结果稳定，总等待时间: 5.5秒
4. 获取翻译结果...
翻译成功 (长度: 26 字符)
结果: 夜幕降临，繁星点点，月亮在繁星之中，亮得像鞋子一样。

翻译尝试 1/3
原文长度: 27 字符
原文: ཁ་སྐོམ་ཆང་ལ་བྱེད་ཀྱིན་འདུག།
基础等待时间: 1.5秒
1. 输入文本...
翻译结果仍在变化，继续等待... (已等待0.0秒)
文本输入完成 (长度: 58 字符)
2. 点击翻译按钮...
点击成功
3. 等待翻译...
等待翻译: 2.5秒
文本输入完成 (长度: 67 字符)
2. 点击翻译按钮...
翻译结果仍在变化，继续等待... (已等待0.0秒)
翻译结果稳定，总等待时间: 3.0秒
4. 获取翻译结果...
翻译成功 (长度: 4 字符)
结果: 古时候。
文本输入完成 (长度: 27 字符)
2. 点击翻译按钮...
点击成功
3. 等待翻译...
等待翻译: 2.5秒
   进度: 20/500 (4.0%)

翻译尝试 1/3
原文长度: 64 字符
原文: དེ་དེ་དག་གི་ལག་ཏུ་དེ་གཏམས་ཏེ་སླར་ཡང་དུས་ཡུན་རིང་པོ་ཞིག་ན་འོངས་ལ།
基础等待时间: 2.5秒
1. 输入文本...
点击成功
3. 等待翻译...
等待翻译: 1.5秒

翻译尝试 1/3
原文长度: 23 字符
原文: དེ་ཁོ་ན་ཉིད་སྤྱད་པར་བྱ།
基础等待时间: 1.5秒
1. 输入文本...
翻译结果稳定，总等待时间: 3.0秒
4. 获取翻译结果...
翻译成功 (长度: 4 字符)
结果: 要指明。

翻译尝试 1/3
原文长度: 47 字符
原文: འདི་དེ་སྐད་ཅེས་ཁ་ཚར་ཡང་ཁྱོད་ལ་ཡོངས་སུ་མི་གཏང་ན།
基础等待时间: 2.5秒
1. 输入文本...

翻译尝试 1/3
原文长度: 28 字符
原文: ཕྱག་རྒྱ་འདུག་སྟངས་ལས་ཀྱང་དེ།
基础等待时间: 1.5秒
1. 输入文本...
翻译结果稳定，总等待时间: 3.0秒
4. 获取翻译结果...
翻译结果仍在变化，继续等待... (已等待0.0秒)
翻译成功 (长度: 5 字符)
结果: 观赏节目。
文本输入完成 (长度: 23 字符)
2. 点击翻译按钮...
文本输入完成 (长度: 64 字符)
2. 点击翻译按钮...
文本输入完成 (长度: 47 字符)
2. 点击翻译按钮...

翻译尝试 1/3
原文长度: 26 字符
原文: མ་ཉེས་པ་ཞྀག་གིས་རྔོ་ཐོག་ན།
基础等待时间: 1.5秒
1. 输入文本...
翻译结果仍在变化，继续等待... (已等待0.0秒)
文本输入完成 (长度: 28 字符)
2. 点击翻译按钮...
点击成功
3. 等待翻译...
等待翻译: 1.5秒
点击成功
3. 等待翻译...
等待翻译: 2.5秒
翻译结果仍在变化，继续等待... (已等待0.0秒)
点击成功
3. 等待翻译...
等待翻译: 2.5秒
点击成功
3. 等待翻译...
等待翻译: 1.5秒
翻译结果仍在变化，继续等待... (已等待0.0秒)
   进度: 20/500 (4.0%)

翻译尝试 1/3
原文长度: 67 字符
原文: བདག་ལུས་ཀྱིས་སྟག་མོ་སྟེགས་པ་ལ་བསྙེད་ནས་དགའ་ལྡན་གྱི་གནས་སུ་སྐྱེས་སོ།
基础等待时间: 2.5秒
1. 输入文本...
翻译结果仍在变化，继续等待... (已等待0.0秒)
翻译结果仍在变化，继续等待... (已等待0.0秒)
翻译结果仍在变化，继续等待... (已等待0.0秒)
翻译结果稳定，总等待时间: 4.0秒
4. 获取翻译结果...
翻译成功 (长度: 10 字符)
结果: 赞同不纯与纯的分离。
文本输入完成 (长度: 26 字符)
2. 点击翻译按钮...
点击成功
3. 等待翻译...
等待翻译: 1.5秒
翻译结果仍在变化，继续等待... (已等待0.0秒)
文本输入完成 (长度: 67 字符)
2. 点击翻译按钮...
翻译结果稳定，总等待时间: 3.0秒
4. 获取翻译结果...
点击成功
3. 等待翻译...
等待翻译: 2.5秒

翻译尝试 1/3
原文长度: 21 字符
原文: ལམ་པ་དེ་གནས་ཤིང་འདུག།
基础等待时间: 1.5秒
1. 输入文本...
翻译成功 (长度: 7 字符)
结果: 它可能被感染。
翻译结果仍在变化，继续等待... (已等待0.0秒)
翻译结果稳定，总等待时间: 5.5秒
4. 获取翻译结果...
翻译结果验证失败: 结果过短 (17字符 vs 原文101字符)
当前结果: 藏族人中间没有一个是更先进得多的。...
将重试...

翻译尝试 1/3
原文长度: 30 字符
原文: ང་རང་ཉིད་ལ་དོན་དག་འབྱུང་ཕ་ཡུལ།
基础等待时间: 1.5秒
1. 输入文本...
文本输入完成 (长度: 21 字符)
2. 点击翻译按钮...
翻译结果仍在变化，继续等待... (已等待0.0秒)
点击成功
3. 等待翻译...
等待翻译: 1.5秒
翻译结果仍在变化，继续等待... (已等待0.0秒)
翻译结果仍在变化，继续等待... (已等待0.0秒)
翻译结果仍在变化，继续等待... (已等待0.0秒)
文本输入完成 (长度: 30 字符)
2. 点击翻译按钮...
翻译结果稳定，总等待时间: 4.0秒
4. 获取翻译结果...
   进度: 20/500 (4.0%)

翻译尝试 1/3
原文长度: 30 字符
原文: གཡོག་པོས་ཆུ་ཁྱེར་ནས་སླེབས་ཙ་ན།
基础等待时间: 1.5秒
1. 输入文本...
翻译成功 (长度: 14 字符)
结果: 如来神，无上佛，无上正等觉。
点击成功
3. 等待翻译...
等待翻译: 1.5秒

翻译尝试 2/3
原文长度: 101 字符
原文预览: བོད་མི་ཚོའི་ཁྲོད་དུ་བཙན་གནོན་བྱེད་མཁན་ལས་བཅིངས་འགྲོལ་བྱེད་དགོས་སྙམ་པའི་འདོད་པ་སྔ...
基础等待时间: 4.0秒
1. 输入文本...
翻译结果仍在变化，继续等待... (已等待0.0秒)
翻译结果稳定，总等待时间: 3.0秒
4. 获取翻译结果...
翻译成功 (长度: 9 字符)
结果: 以五个手印为标记。

翻译尝试 1/3
原文长度: 13 字符
原文: བསྟན་པར་བྱའོ།
基础等待时间: 1.5秒
1. 输入文本...
翻译结果稳定，总等待时间: 3.0秒
4. 获取翻译结果...
翻译结果仍在变化，继续等待... (已等待0.0秒)
翻译成功 (长度: 3 字符)
结果: 啊呀！
文本输入完成 (长度: 30 字符)
2. 点击翻译按钮...
翻译结果稳定，总等待时间: 4.0秒
4. 获取翻译结果...
翻译结果稳定，总等待时间: 3.0秒
4. 获取翻译结果...
   进度: 20/500 (4.0%)

翻译尝试 1/3
原文长度: 71 字符
原文: བྱེད་པ་པོ་གཞན་དང་མ་འབྲེལ་བའི་ལས་ཚིག་ལ་གིས་སོགས་བྱེད་སྒྲ་མི་སྦྱོར་བ་དང་།
基础等待时间: 2.5秒
1. 输入文本...
翻译成功 (长度: 22 字符)
结果: 研究人员给他看了一张墙壁上积满了烟尘的照片。
翻译结果稳定，总等待时间: 4.0秒
4. 获取翻译结果...
翻译结果稳定，总等待时间: 4.0秒
4. 获取翻译结果...
翻译成功 (长度: 5 字符)
结果: 何非非形。
翻译结果仍在变化，继续等待... (已等待0.0秒)
翻译成功 (长度: 14 字符)
结果: 为知识本身等等的逻辑所反驳。
点击成功
3. 等待翻译...
等待翻译: 1.5秒
翻译成功 (长度: 6 字符)
结果: 等等威胁时。
文本输入完成 (长度: 13 字符)
2. 点击翻译按钮...
翻译结果仍在变化，继续等待... (已等待0.0秒)
翻译结果仍在变化，继续等待... (已等待0.0秒)
翻译结果稳定，总等待时间: 3.0秒
4. 获取翻译结果...
点击成功
3. 等待翻译...
等待翻译: 1.5秒